ARCH7_GATA2_GATA3_Gata4	Nvec_vc1.1_XM_032367288.2
ARCH8_GATA2_GATA3_pnr	Nvec_vc1.1_XM_032367288.2
ARCH9_GATA2_GATA3_pnr	Nvec_vc1.1_XM_032367288.2
ARCH10_GATA2_GATA3_GATA3	Nvec_vc1.1_XM_032367288.2
ARCH11_GATA2_GATA3_GATA4	Nvec_vc1.1_XM_032367288.2
ARCH12_GATA2_GATA3_GATA2	Nvec_vc1.1_XM_032367288.2
ARCH29_FOS_FOSB_FOSL1_FOSL2_FOSL1	Nvec_vc1.1_XM_001633273.3
ARCH63_HOXD11	Nvec_vc1.1_XM_032362713.2
ARCH63_HOXD11	Nvec_vc1.1_XM_032373497.2
ARCH63_HOXD11	Nvec_vc1.1_XM_032366609.2
ARCH63_HOXD11	Nvec_vc1.1_XM_032377390.2
ARCH63_HOXD11	Nvec_vc1.1_XM_032366085.2
ARCH63_HOXD11	Nvec_vc1.1_XM_032373619.2
ARCH74_islike_FOXL1_FOXC1	Nvec_vc1.1_XM_001627072.3
ARCH102_islike_FOXL1_FOXC1	Nvec_vc1.1_XM_001627072.3
ARCH112_PRD_DMBX1_DPRX	Nvec_vc1.1_XM_032379394.2
ARCH113_PRD_DMBX1_Ptx1	Nvec_vc1.1_XM_032379394.2
ARCH114_PRD_DMBX1_DPRX	Nvec_vc1.1_XM_032379394.2
ARCH141_Foxh1	Nvec_vc1.1_XM_032386947.2
ARCH157_NR2E1_Nr2e1_tll	Nvec_vc1.1_XM_001630336.3
ARCH165_islike_ERG_FEV_FLI1_ERG	Nvec_vc1.1_XM_032380975.2
ARCH166_islike_ERG_FEV_FLI1_FLI1_ERG	Nvec_vc1.1_XM_032380975.2
ARCH167_islike_ERG_FEV_FLI1_ETV3_FLI1_ERG	Nvec_vc1.1_XM_032380975.2
ARCH204_FOXK1_FOXK2_FOXJ3	Nvec_vc1.1_XM_001628964.3
ARCH205_FOXK1_FOXK2_FOXJ2_FOXJ3_Foxj3	Nvec_vc1.1_XM_001628964.3
ARCH206_FOXK1_FOXK2_slp2_FOXJ2	Nvec_vc1.1_XM_001628964.3
ARCH207_islike_FOXL1_FOXC1_FOXL1	Nvec_vc1.1_XM_001627072.3
ARCH208_islike_FOXL1_FOXJ1_FOXC2_Foxj1	Nvec_vc1.1_XM_001627072.3
ARCH208_islike_FOXL1_FOXJ1_FOXC2_Foxj1	Nvec_vc1.1_XM_001636889.3
ARCH209_ANTP_HOXA2_ANTP_HOXA3_ANTP_HOXB2_ANTP_HOXB3_ANTP_HOXD3_MEOX2	Nvec_vc1.1_XM_032383677.2
ARCH210_ANTP_HOXA2_ANTP_HOXA3_ANTP_HOXB2_ANTP_HOXB3_ANTP_HOXD3_lms	Nvec_vc1.1_XM_032383677.2
ARCH211_ANTP_HOXA2_ANTP_HOXA3_ANTP_HOXB2_ANTP_HOXB3_ANTP_HOXD3_BARX2	Nvec_vc1.1_XM_032383677.2
ARCH212_PRD_PAX2_PRD_PAX5_PRD_PAX8_PAX3_eyg	Nvec_vc1.1_XM_001639101.3
ARCH213_PRD_PAX2_PRD_PAX5_PRD_PAX8_PAX7	Nvec_vc1.1_XM_001639101.3
ARCH214_PRD_PAX2_PRD_PAX5_PRD_PAX8_PAX7_toe	Nvec_vc1.1_XM_001639101.3
ARCH215_HMGbox_Sox_Sox1	Nvec_vc1.1_XM_032380374.2
ARCH216_zf_C4_Nuclear_receptors_NR2E3	Nvec_vc1.1_XM_032379774.2
ARCH242_CDC5L	Nvec_vc1.1_XM_001630333.3
ARCH260_PB0123.1_Foxl1_2	Nvec_vc1.1_XM_032384126.2
ARCH263_onecut	Nvec_vc1.1_XM_001630519.3
ARCH286_AP_2_Tfap2a_TFAP2C	Nvec_vc1.1_XM_001633894.3
ARCH322_islike_TWIST1_TWIST2_twi	Nvec_vc1.1_XM_032384433.2
ARCH327_islike_ERG_FEV_FLI1_Ets_ELK3_ELK1_ETS1_GABPA_FEV_Elk3_pnt_Etv1_Etv4_ETV1_ERF_ETV3_FLI1_ERG_ELK4_ETV4_ETV5_Fli1	Nvec_v1g108513
ARCH327_islike_ERG_FEV_FLI1_Ets_ELK3_ELK1_ETS1_GABPA_FEV_Elk3_pnt_Etv1_Etv4_ETV1_ERF_ETV3_FLI1_ERG_ELK4_ETV4_ETV5_Fli1	Nvec_vc1.1_XM_032380975.2
ARCH328_ETV6_ETV7_Ets_Elf3_Ehf_Elf5_EHF_Eip74EF_ELF1	Nvec_vc1.1_XM_032384221.2
ARCH331_islike_ERG_FEV_FLI1_Ets_Gabpa_Etv5_ERG_aop_pnt_Ets97D_Ets21C	Nvec_v1g108513
ARCH331_islike_ERG_FEV_FLI1_Ets_Gabpa_Etv5_ERG_aop_pnt_Ets97D_Ets21C	Nvec_vc1.1_XM_032380975.2
ARCH332_islike_ERG_FEV_FLI1_ETV2_ELK1_aop	Nvec_v1g108513
ARCH332_islike_ERG_FEV_FLI1_ETV2_ELK1_aop	Nvec_vc1.1_XM_032380975.2
ARCH333_islike_ERG_FEV_FLI1_Ets_Ets96B_ETV1_ETV4_GABPA	Nvec_vc1.1_XM_032380975.2
ARCH334_islike_ERG_FEV_FLI1_Ets_ELF4_ELF2_ELF1_Eip74EF	Nvec_vc1.1_XM_032380975.2
ARCH335_islike_ERG_FEV_FLI1_FLI1_ERG	Nvec_vc1.1_XM_032380975.2
ARCH341_islike_ERG_FEV_FLI1_ETV2_ELK3_ELK1_GABPA_FEV_Ets65A_Ets21C_ETV1_FLI1_ELK4_ETV5	Nvec_v1g108513
ARCH341_islike_ERG_FEV_FLI1_ETV2_ELK3_ELK1_GABPA_FEV_Ets65A_Ets21C_ETV1_FLI1_ELK4_ETV5	Nvec_vc1.1_XM_032380975.2
ARCH342_islike_ERG_FEV_FLI1_ETV2	Nvec_v1g108513
ARCH343_Ets_ETV6	Nvec_vc1.1_XM_048727247.1
ARCH344_ETV6_ETV7_Ets_ELF5_ELF2	Nvec_vc1.1_XM_032384221.2
ARCH346_Ets_GABPA_ELK4_ELK1_Elk1	Nvec_vc1.1_XM_032377897.2
ARCH355_PRD_DMBX1_Gsc	Nvec_vc1.1_XM_032379394.2
ARCH356_PRD_PAX2_PRD_PAX5_PRD_PAX8_toy	Nvec_vc1.1_XM_001639101.3
ARCH357_NR2C1_NR2C2_VDR_Vdr	Nvec_vc1.1_XM_032380829.2
ARCH413_GATA2_GATA3_GATA1	Nvec_vc1.1_XM_032367288.2
ARCH451_Homeodomains_NEMVEDRAFT_v1g113057	Nvec_vc1.1_XM_001630676.3
ARCH452_PRD_DMBX1_CRX	Nvec_vc1.1_XM_032379394.2
ARCH453_PRD_DMBX1_Obox6	Nvec_vc1.1_XM_032379394.2
ARCH454_PRD_DMBX1_PITX1	Nvec_vc1.1_XM_032379394.2
ARCH458_ZFP42_YY1	Nvec_vc1.1_XM_048729815.1
ARCH459_GFI1_GFI1B_zf_C2H2_GFI1B_GFI1	Nvec_vc1.1_XM_001636315.3
ARCH460_GATA2_GATA3_GATA_grn_GATAe	Nvec_vc1.1_XM_032367288.2
ARCH461_GATA2_GATA3_grn	Nvec_vc1.1_XM_032367288.2
ARCH462_TALE_TGIF1_TALE_TGIF2_achi	Nvec_vc1.1_XM_032382395.2
ARCH463_PRD_PAX2_PRD_PAX5_PRD_PAX8_PAX6_toy	Nvec_vc1.1_XM_032379347.2
ARCH463_PRD_PAX2_PRD_PAX5_PRD_PAX8_PAX6_toy	Nvec_vc1.1_XM_001639101.3
ARCH464_zf_C4_Nuclear_receptors_RORA_Eip75B_RORC_RORB	Nvec_vc1.1_XM_032383641.2
ARCH465_zf_C4_Nuclear_receptors_RORB	Nvec_vc1.1_XM_032383641.2
ARCH466_NR2F1_NR2F2_NR2F6_NR1D1_NR1D2	Nvec_vc1.1_XM_032378048.2
ARCH467_islike_RFX6_Rfx	Nvec_vc1.1_XM_032380334.2
ARCH468_RFX5_RFX7_RFX5	Nvec_vc1.1_XM_032382712.2
ARCH469_RFX5_RFX7_RFX5	Nvec_vc1.1_XM_032382712.2
ARCH470_RUNX1_RUNX2_RUNX3_RUNX3_RUNX2	Nvec_vc1.1_XM_001625588.3
ARCH471_HMGbox_Sox_SOX8_SOX10	Nvec_vc1.1_XM_032380374.2
ARCH472_HMGbox_Sox_SOX10	Nvec_vc1.1_XM_032380374.2
ARCH473_TBX2_TBX3_T_box_TBX5_TBX4_byn_T	Nvec_vc1.1_XM_001633901.3
ARCH474_TBX2_TBX3_TBX2_MGA	Nvec_vc1.1_XM_001633901.3
ARCH475_TBX20	Nvec_vc1.1_XM_001632824.3
ARCH476_TBX20_TBX1_TBX10_TBX15_TBX18_TBX22_TBX1_TBX15	Nvec_vc1.1_XM_001632824.3
ARCH476_TBX20_TBX1_TBX10_TBX15_TBX18_TBX22_TBX1_TBX15	Nvec_vc1.1_XM_001627136.3
ARCH476_TBX20_TBX1_TBX10_TBX15_TBX18_TBX22_TBX1_TBX15	Nvec_vc1.1_XM_032363603.2
ARCH477_TBX20	Nvec_vc1.1_XM_001632824.3
ARCH478_TBX20	Nvec_vc1.1_XM_001632824.3
ARCH479_TBX1_TBX10_TBX1	Nvec_vc1.1_XM_001627136.3
ARCH480_TBX1_TBX10_TBX1	Nvec_vc1.1_XM_001627136.3
ARCH481_TBX1_TBX10_TBX1	Nvec_vc1.1_XM_001627136.3
ARCH501_Forkhead_CHES_1_like	Nvec_vc1.1_XM_001638841.3
ARCH608_PAX6	Nvec_vc1.1_XM_032379347.2
ARCH622_HSF1_HSF2_HSF4_HSF_HSF4_HSF1_HSF2_Hsf2	Nvec_vc1.1_XM_032364329.2
ARCH623_HSF1_HSF2_HSF4_HSF_HSF4_HSF1_HSF2	Nvec_vc1.1_XM_032364329.2
ARCH634_zf_C2H2_Klf7_Klf8_Klf12_luna_KLF5_KLF4_KLF10	Nvec_vc1.1_XM_032381586.2
ARCH636_islike_SP5_KLF15_SP8_SP9	Nvec_vc1.1_XM_001634132.3
ARCH636_islike_SP5_KLF15_SP8_SP9	Nvec_vc1.1_XM_032366225.2
ARCH637_zf_C2H2_KLF6	Nvec_vc1.1_XM_032381586.2
ARCH638_zf_C2H2_KLF3_KLF12_CG42741	Nvec_vc1.1_XM_032381586.2
ARCH639_KLF6_KLF7_klf_3	Nvec_vc1.1_XM_032367802.2
ARCH640_SP1_SP3_SP4_Sp4	Nvec_vc1.1_XM_032384447.2
ARCH641_SP1_SP3_SP4_zf_C2H2_SP3_SP1_KLF16_cbt_Sp1_CG3065	Nvec_vc1.1_XM_032384447.2
ARCH642_SP1_SP3_SP4_KLF10_KLF11_zf_C2H2_SP3_KLF13_cbt_KLF14	Nvec_vc1.1_XM_032384447.2
ARCH642_SP1_SP3_SP4_KLF10_KLF11_zf_C2H2_SP3_KLF13_cbt_KLF14	Nvec_vc1.1_XM_001639547.3
ARCH643_islike_EGR1_EGR2_EGR3_Egr3	Nvec_vc1.1_XM_032366627.2
ARCH644_islike_EGR1_EGR2_EGR3_zf_C2H2_EGR1_EGR2_EGR4_EGR3_klu	Nvec_vc1.1_XM_032366627.2
ARCH664_E2F7_E2F8_E2F4_E2F5_E2F2_E2F3	Nvec_vc1.1_XM_032370623.2
ARCH664_E2F7_E2F8_E2F4_E2F5_E2F2_E2F3	Nvec_vc1.1_XM_001627662.3
ARCH665_E2F7_E2F8_E2F4_E2F5_E2F2_E2F3	Nvec_vc1.1_XM_032370623.2
ARCH665_E2F7_E2F8_E2F4_E2F5_E2F2_E2F3	Nvec_vc1.1_XM_001627662.3
ARCH666_E2F7_E2F8_E2F_TDP_E2F2_E2F1	Nvec_vc1.1_XM_032370623.2
ARCH666_E2F7_E2F8_E2F_TDP_E2F2_E2F1	Nvec_v1g200125
ARCH667_E2F_TDP_E2F4_E2F5_E2F1_E2F4	Nvec_v1g200125
ARCH667_E2F_TDP_E2F4_E2F5_E2F1_E2F4	Nvec_vc1.1_XM_001627662.3
ARCH668_E2F_TDP_E2F1	Nvec_v1g200125
ARCH669_ANTP_HOXA2_ANTP_HOXA3_ANTP_HOXB2_ANTP_HOXB3_ANTP_HOXD3_ANTP_MNX1_BARHL2_Barhl1	Nvec_vc1.1_XM_032383677.2
ARCH669_ANTP_HOXA2_ANTP_HOXA3_ANTP_HOXB2_ANTP_HOXB3_ANTP_HOXD3_ANTP_MNX1_BARHL2_Barhl1	Nvec_vc1.1_XM_032383693.2
ARCH670_BORCS8_MEF2A_MEF2B_MEF2C_MEF2D_MEF2B	Nvec_vc1.1_XM_032377792.2
ARCH671_SRF	Nvec_vc1.1_XM_001635041.3
ARCH691_HLH_TCF3	Nvec_vc1.1_XM_001634550.3
ARCH691_HLH_TCF3	Nvec_vc1.1_XM_048728967.1
ARCH691_HLH_TCF3	Nvec_vc1.1_XM_001640743.3
ARCH693_XBP1_FOS_FOSB_FOSL1_FOSL2_bZIP_FOSL1_FOSB_FOS_JDP2_Jdp2_Jra_kay_BATF3_ATF3_JUNB_JUN	Nvec_vc1.1_XM_001629694.3
ARCH693_XBP1_FOS_FOSB_FOSL1_FOSL2_bZIP_FOSL1_FOSB_FOS_JDP2_Jdp2_Jra_kay_BATF3_ATF3_JUNB_JUN	Nvec_vc1.1_XM_001633273.3
ARCH693_XBP1_FOS_FOSB_FOSL1_FOSL2_bZIP_FOSL1_FOSB_FOS_JDP2_Jdp2_Jra_kay_BATF3_ATF3_JUNB_JUN	Nvec_vc1.1_XM_001631093.3
ARCH694_XBP1_bZIP_Atf3_ATF2_JUND_JDP2_CREB5	Nvec_vc1.1_XM_001629694.3
ARCH694_XBP1_bZIP_Atf3_ATF2_JUND_JDP2_CREB5	Nvec_vc1.1_XM_048730161.1
ARCH695_FOS_FOSB_FOSL1_FOSL2_ATF1_CREB1_CREM_bZIP_FOSL1_CrebB_17A_ATF2_ATF3_JUN_FOSL2_JUNB	Nvec_vc1.1_XM_001633273.3
ARCH695_FOS_FOSB_FOSL1_FOSL2_ATF1_CREB1_CREM_bZIP_FOSL1_CrebB_17A_ATF2_ATF3_JUN_FOSL2_JUNB	Nvec_vc1.1_XM_001633393.3
ARCH696_FOS_FOSB_FOSL1_FOSL2_ATF2_ATF7_CREB5_bZIP_FOSL1_FOSB_FOS_ATF7_JDP2_BATF3_ATF6_CREB5_ATF3_ATF6B	Nvec_vc1.1_XM_001633273.3
ARCH696_FOS_FOSB_FOSL1_FOSL2_ATF2_ATF7_CREB5_bZIP_FOSL1_FOSB_FOS_ATF7_JDP2_BATF3_ATF6_CREB5_ATF3_ATF6B	Nvec_vc1.1_XM_001631093.3
ARCH696_FOS_FOSB_FOSL1_FOSL2_ATF2_ATF7_CREB5_bZIP_FOSL1_FOSB_FOS_ATF7_JDP2_BATF3_ATF6_CREB5_ATF3_ATF6B	Nvec_vc1.1_XM_032383907.2
ARCH697_ATF1_CREB1_CREM_Creb1	Nvec_vc1.1_XM_001633393.3
ARCH698_ATF1_CREB1_CREM_Creb1	Nvec_vc1.1_XM_001633393.3
ARCH699_ATF1_CREB1_CREM_CREB1	Nvec_vc1.1_XM_001633393.3
ARCH700_ATF1_CREB1_CREM_CREB1	Nvec_vc1.1_XM_001633393.3
ARCH701_ATF1_CREB1_CREM_CREM_CREB1	Nvec_vc1.1_XM_001633393.3
ARCH702_ATF1_CREB1_CREM_CREB1	Nvec_vc1.1_XM_001633393.3
ARCH703_CREB3_CREB3L3_CREB3L4_bZIP_CREB3L4_CREB3_BATF3_ATF6B_CREB1	Nvec_vc1.1_XM_001631543.3
ARCH704_CREBL2_CG18619	Nvec_vc1.1_XM_001638266.3
ARCH718_zf_C2H2_KLF3	Nvec_vc1.1_XM_032381586.2
ARCH719_zf_C2H2_KLF12	Nvec_vc1.1_XM_032381586.2
ARCH725_ANTP_HOXA2_ANTP_HOXA3_ANTP_HOXB2_ANTP_HOXB3_ANTP_HOXD3_Homeodomains_al_OdsH_CG2808_PROP1_MIXL1_ALX1_Alx1_Prop1	Nvec_vc1.1_XM_032383677.2
ARCH726_ANTP_HOXA2_ANTP_HOXA3_ANTP_HOXB2_ANTP_HOXB3_ANTP_HOXD3_PROP1_MIXL1	Nvec_vc1.1_XM_032383677.2
ARCH727_PRD_DUXA_DUXA	Nvec_vc1.1_XM_048729380.1
ARCH728_PRD_DUXA_Homeodomains_DUXA_DUX4	Nvec_vc1.1_XM_048729380.1
ARCH731_HMGbox_Sox_Sox14	Nvec_vc1.1_XM_032380374.2
ARCH732_HMGbox_Sox_Sox15_Sox102F	Nvec_vc1.1_XM_032380374.2
ARCH736_ANTP_HOXA2_ANTP_HOXA3_ANTP_HOXB2_ANTP_HOXB3_ANTP_HOXD3_slou	Nvec_vc1.1_XM_032383677.2
ARCH737_ANTP_HOXA2_ANTP_HOXA3_ANTP_HOXB2_ANTP_HOXB3_ANTP_HOXD3_VSX1	Nvec_vc1.1_XM_001634199.3
ARCH739_CREB3L1_CREB3L2_Creb3l2	Nvec_vc1.1_XM_032378881.2
ARCH768_Sox17	Nvec_vc1.1_XM_032372264.2
ARCH770_HMGbox_Sox_Sox17	Nvec_vc1.1_XM_032380374.2
ARCH771_HMGbox_Sox_D_SOX12	Nvec_vc1.1_XM_032380374.2
ARCH772_HMGbox_Sox_SOX3	Nvec_vc1.1_XM_032380374.2
ARCH773_HMGbox_Sox_SOX14	Nvec_vc1.1_XM_032380374.2
ARCH779_E2F_TDP_E2F4_E2F5_E2F1_E2F4	Nvec_v1g200125
ARCH779_E2F_TDP_E2F4_E2F5_E2F1_E2F4	Nvec_vc1.1_XM_001627662.3
ARCH794_HMGbox_Sox_HLH_Tcf7l2_Lef1_Tcf3_TCF7L2	Nvec_vc1.1_XM_032371996.2
ARCH795_HMGbox_Sox_Tcf7l2	Nvec_vc1.1_XM_032371996.2
ARCH796_HMGbox_Sox_TCF7_LEF1_TCF7L1	Nvec_vc1.1_XM_032371996.2
ARCH805_DMRT1_DMRTC2_DMRT2	Nvec_vc1.1_XM_032382520.2
ARCH806_islike_HMG20A_HMG20B_Hmg20b	Nvec_vc1.1_XM_048725617.1
ARCH807_Nvec_vc1.1_XM_032368623.2	Nvec_vc1.1_XM_032368623.2
ARCH815_POU6F2	Nvec_vc1.1_XM_032383681.2
ARCH815_POU6F2	Nvec_vc1.1_XM_032366836.2
ARCH819_ANTP_HOXA2_ANTP_HOXA3/ANTP_HOXB2/ANTP_HOXB3/ANTP_HOXD3	Nvec_vc1.1_XM_032383677.2
ARCH820_ANTP_HOXA2_ANTP_HOXA3_ANTP_HOXB2_ANTP_HOXB3_ANTP_HOXD3_ANTP_MNX1_bsh_CG5369_CG9876	Nvec_vc1.1_XM_032383677.2
ARCH820_ANTP_HOXA2_ANTP_HOXA3_ANTP_HOXB2_ANTP_HOXB3_ANTP_HOXD3_ANTP_MNX1_bsh_CG5369_CG9876	Nvec_vc1.1_XM_032383693.2
ARCH821_ANTP_MNX1_Homeodomains_Lhx3_LHX3	Nvec_vc1.1_XM_032383693.2
ARCH822_PRD_DMBX1_PITX2	Nvec_vc1.1_XM_032379394.2
ARCH823_Nvec_vc1.1_XM_032377135.2	Nvec_vc1.1_XM_032377135.2
ARCH824_PRD_PAX2_PRD_PAX5_PRD_PAX8_ey_PAX7_PAX3_prd	Nvec_vc1.1_XM_032379347.2
ARCH824_PRD_PAX2_PRD_PAX5_PRD_PAX8_ey_PAX7_PAX3_prd	Nvec_vc1.1_XM_001639101.3
ARCH825_PRD_PAX2_PRD_PAX5_PRD_PAX8_PAX3	Nvec_vc1.1_XM_001639101.3
ARCH835_TEA_sd	Nvec_vc1.1_XM_032364331.2
ARCH844_PRD_DMBX1_OTX1_OTX2_Otx1	Nvec_vc1.1_XM_032379394.2
ARCH845_PRD_DMBX1_Homeodomains_Gsc	Nvec_vc1.1_XM_032379394.2
ARCH851_ANTP_HOXA2_ANTP_HOXA3_ANTP_HOXB2_ANTP_HOXB3_ANTP_HOXD3_NK7.1	Nvec_vc1.1_XM_032383677.2
ARCH852_ANTP_MNX1_B_H1	Nvec_vc1.1_XM_032383693.2
ARCH858_E2F7_E2F8_E2F2	Nvec_vc1.1_XM_032370623.2
ARCH866_Ets_SPDEF	Nvec_vc1.1_XM_001636352.3
ARCH867_EHF_ELF3_ELF5_Ets98B	Nvec_vc1.1_XM_032366602.2
ARCH868_Forkhead_fd102C	Nvec_vc1.1_XM_032374352.2
ARCH869_PAX6	Nvec_vc1.1_XM_032379347.2
ARCH877_XBP1_islike_CREB3L1_CREB3L2_CREB3L1	Nvec_vc1.1_XM_001629694.3
ARCH877_XBP1_islike_CREB3L1_CREB3L2_CREB3L1	Nvec_vc1.1_XM_048723046.1
ARCH884_ETV6_ETV7_ELF3	Nvec_vc1.1_XM_032384221.2
ARCH885_ETV6_ETV7_ELF3	Nvec_vc1.1_XM_032384221.2
ARCH886_ETV6_ETV7_ELF3	Nvec_vc1.1_XM_032384221.2
ARCH887_EHF_ELF3_ELF5_Ets98B	Nvec_vc1.1_XM_032366602.2
ARCH894_CREB3L1_CREB3L2_bZIP_CrebA_CREB3_BATF3_Atf6_ATF6_JUND	Nvec_vc1.1_XM_032378881.2
ARCH895_ATF2_ATF7_CREB5_bZIP_ATF7_Atf_2	Nvec_vc1.1_XM_032383907.2
ARCH896_ATF2_ATF7_CREB5_bZIP_ATF7_CREB5_ATF3_ATF2_Atf2	Nvec_vc1.1_XM_032383907.2
ARCH903_FOS_FOSB_FOSL1_FOSL2_FOSL1	Nvec_vc1.1_XM_001633273.3
ARCH904_FOS_FOSB_FOSL1_FOSL2_bZIP_FOSL1_JDP2_JUN	Nvec_vc1.1_XM_001633273.3
ARCH916_GATA2_GATA3_GATA3_GATA5_GATA6	Nvec_vc1.1_XM_032367288.2
ARCH917_islike_TALE_IRX1_TALE_IRX2_TALE_IRX3_TALE_IRX4_TALE_IRX6_IRX2_IRX5	Nvec_vc1.1_XM_001633995.3
ARCH931_islike_FOXL1_FOXA1_FOXA2_FOXA3_fd59A_FOXD2_fkh	Nvec_vc1.1_XM_001627072.3
ARCH931_islike_FOXL1_FOXA1_FOXA2_FOXA3_fd59A_FOXD2_fkh	Nvec_vc1.1_XM_001634505.3
ARCH932_HMGbox_Sox_SOX8_SOX4_SOX9	Nvec_vc1.1_XM_032380374.2
ARCH933_HMGbox_Sox_SOX8_SOX10_Sox10_Sox11	Nvec_vc1.1_XM_032380374.2
ARCH934_HMGbox_Sox_SOX21_SOX18_Sox17_Sox14	Nvec_vc1.1_XM_032380374.2
ARCH935_HMGbox_Sox_SOX21_SOX14_SRY_Sox1	Nvec_vc1.1_XM_032380374.2
ARCH936_HMGbox_Sox_SOX15_SRY_Sox1_Sox15	Nvec_vc1.1_XM_032380374.2
ARCH937_HMGbox_Sox_SOX15_SOX2_Sox3	Nvec_vc1.1_XM_032380374.2
ARCH938_HMGbox_Sox_SOX14_SoxN	Nvec_vc1.1_XM_032380374.2
ARCH939_HMGbox_Sox_SOX7_SRY	Nvec_vc1.1_XM_032380374.2
ARCH940_HMGbox_Sox_SOX7_Sox21b	Nvec_vc1.1_XM_032380374.2
ARCH941_HMGbox_Sox_SOX2_D_Sox21a_Sox102F	Nvec_vc1.1_XM_032380374.2
ARCH942_HMGbox_Sox_Sox3_bbx	Nvec_vc1.1_XM_032380374.2
ARCH943_HMGbox_Sox_SOX7	Nvec_vc1.1_XM_032380374.2
ARCH948_Forkhead_fd102C	Nvec_vc1.1_XM_032374352.2
ARCH949_HMGbox_Sox_TCF7_LEF1_TCF7L1	Nvec_vc1.1_XM_032371996.2
ARCH982_islike_RFX6_RFX3	Nvec_vc1.1_XM_032380334.2
ARCH984_islike_PRD_ARX_lbl	Nvec_vc1.1_XM_001631375.3
ARCH1047_ETV6_ETV7_ELF3	Nvec_vc1.1_XM_032384221.2
ARCH1048_EHF_ELF3_ELF5_Ets98B	Nvec_vc1.1_XM_032366602.2
ARCH1063_islike_ERG_FEV_FLI1_ETV6_ETV7_ELF4_ELF1_Eip74EF_ELF2_EHF_ELF5_ELF3_Elf5	Nvec_vc1.1_XM_032380975.2
ARCH1063_islike_ERG_FEV_FLI1_ETV6_ETV7_ELF4_ELF1_Eip74EF_ELF2_EHF_ELF5_ELF3_Elf5	Nvec_vc1.1_XM_032384221.2
ARCH1064_islike_ERG_FEV_FLI1_Eip74EF_ELF4_ELF2_ELF1	Nvec_vc1.1_XM_032380975.2
ARCH1065_islike_ERG_FEV_FLI1_ETV4_ETV5	Nvec_vc1.1_XM_032380975.2
ARCH1066_SPDEF_Ets_SPIC_Spic_SPI1_SPIB	Nvec_vc1.1_XM_048729186.1
ARCH1076_HMGbox_Sox_SOX8	Nvec_vc1.1_XM_032380374.2
ARCH1077_HMGbox_Sox_SOX8_SOX10_SOX9_Sox10	Nvec_vc1.1_XM_032380374.2
ARCH1078_HMGbox_Sox_SOX10_SOX9_Sox10	Nvec_vc1.1_XM_032380374.2
ARCH1079_HMGbox_Sox_SOX21_SRY	Nvec_vc1.1_XM_032380374.2
ARCH1080_HMGbox_Sox_SOX15_SOX14_SOX2_Sox1	Nvec_vc1.1_XM_032380374.2
ARCH1081_HMGbox_Sox_SOX7	Nvec_vc1.1_XM_032380374.2
ARCH1082_HMGbox_Sox_SOX18	Nvec_vc1.1_XM_032380374.2
ARCH1083_HMGbox_Sox_SOX18_Sox17	Nvec_vc1.1_XM_032380374.2
ARCH1084_HMGbox_Sox_Sox3	Nvec_vc1.1_XM_032380374.2
ARCH1098_Doublesex_DM_dsx	Nvec_vc1.1_XM_032375670.2
ARCH1117_BORCS8_MEF2A_MEF2B_MEF2C_MEF2D_MADS_box_SRF_MEF2C_MEF2A_MEF2D_MEF2B	Nvec_vc1.1_XM_032377792.2
ARCH1122_Homeodomains_NKX2_8_Abd_B	Nvec_vc1.1_XM_032373618.2
ARCH1123_ANTP_NKX2_3_ANTP_NKX2_5_ANTP_NKX2_6_CDX2	Nvec_vc1.1_XM_001632368.2
ARCH1124_PRD_PAX2_PRD_PAX5_PRD_PAX8_PAX3_gsb_PAX7	Nvec_vc1.1_XM_001639101.3
ARCH1125_PRD_PAX2_PRD_PAX5_PRD_PAX8_PAX7_gsb	Nvec_vc1.1_XM_001639101.3
ARCH1126_PRD_PAX2_PRD_PAX5_PRD_PAX8_PAX7_PAX3	Nvec_vc1.1_XM_001639101.3
ARCH1134_prd	Nvec_vc1.1_XM_001631173.3
ARCH1134_prd	Nvec_vc1.1_XM_032383560.2
ARCH1134_prd	Nvec_vc1.1_XM_001639164.3
ARCH1134_prd	Nvec_vc1.1_XM_001647471.3
ARCH1142_bZIP_Mafb	Nvec_vc1.1_XM_001628737.3
ARCH1148_TBX2_TBX3_TBX2	Nvec_vc1.1_XM_001633901.3
ARCH1153_islike_RFX6_RFX5_RFX7_RFX3_RFX2_RFX4_Rfx2_Rfx3_Rfx_RFX1_RFX5	Nvec_vc1.1_XM_032380334.2
ARCH1153_islike_RFX6_RFX5_RFX7_RFX3_RFX2_RFX4_Rfx2_Rfx3_Rfx_RFX1_RFX5	Nvec_vc1.1_XM_032382712.2
ARCH1154_RFX_RFX2	Nvec_vc1.1_XM_032375228.2
ARCH1157_Homeodomains_Hoxa2_Hoxb4	Nvec_vc1.1_XM_032366733.2
ARCH1159_TALE_PBX1_TALE_PBX3_TALE_PBX4_PBX1	Nvec_vc1.1_XM_001635374.3
ARCH1160_TALE_PBX1_TALE_PBX3_TALE_PBX4_PBX1	Nvec_vc1.1_XM_001635374.3
ARCH1166_ETV6_ETV7_ETV7	Nvec_vc1.1_XM_032384221.2
ARCH1174_ANTP_HOXA2_ANTP_HOXA3_ANTP_HOXB2_ANTP_HOXB3_ANTP_HOXD3_unpg	Nvec_vc1.1_XM_032383677.2
ARCH1175_ANTP_HOXA2_ANTP_HOXA3_ANTP_HOXB2_ANTP_HOXB3_ANTP_HOXD3_VSX2	Nvec_vc1.1_XM_032383677.2
ARCH1177_zf_C4_Nuclear_receptors_Esr2	Nvec_vc1.1_XM_032383641.2
ARCH1178_zf_C4_Nuclear_receptors_ESRRG	Nvec_vc1.1_XM_032383641.2
ARCH1187_islike_RFX6_RFX3_RFX2_RFX4_Rfx2_Rfx	Nvec_vc1.1_XM_032380334.2
ARCH1207_NR2E1_zf_C4_Nuclear_receptors_Nr2e1_tll_dsf	Nvec_vc1.1_XM_001630336.3
ARCH1208_NR2E1_zf_C4_Nuclear_receptors_tll_NR2E3_Nr2e3	Nvec_vc1.1_XM_001630336.3
ARCH1211_ANTP_MNX1_Homeodomains_HOXC12_HOXA9_HOXC11_Hoxa11_Abd_B_HOXA11_HOXD10_HOXC10_HOXA10_cad	Nvec_vc1.1_XM_032383693.2
ARCH1212_ANTP_NKX2_3_ANTP_NKX2_5_ANTP_NKX2_6_Homeodomains_CDX1_CDX4_HOXC10_HOXA10	Nvec_vc1.1_XM_001632368.2
ARCH1213_Homeodomains_cad_CDX2	Nvec_vc1.1_XM_001641552.3
ARCH1218_ANTP_MNX1_ANTP_MEOX1_ANTP_MEOX2_ANTP_NKX2_3_ANTP_NKX2_5_ANTP_NKX2_6_Homeodomains_HOXC12_HOXD12_CDX1_CDX2_HOXC10_Hoxc10_Hoxd9_HOXD9_HOXD10_HOXB9_HOXC9_Cdx2	Nvec_vc1.1_XM_032383693.2
ARCH1218_ANTP_MNX1_ANTP_MEOX1_ANTP_MEOX2_ANTP_NKX2_3_ANTP_NKX2_5_ANTP_NKX2_6_Homeodomains_HOXC12_HOXD12_CDX1_CDX2_HOXC10_Hoxc10_Hoxd9_HOXD9_HOXD10_HOXB9_HOXC9_Cdx2	Nvec_vc1.1_XM_001625899.3
ARCH1218_ANTP_MNX1_ANTP_MEOX1_ANTP_MEOX2_ANTP_NKX2_3_ANTP_NKX2_5_ANTP_NKX2_6_Homeodomains_HOXC12_HOXD12_CDX1_CDX2_HOXC10_Hoxc10_Hoxd9_HOXD9_HOXD10_HOXB9_HOXC9_Cdx2	Nvec_vc1.1_XM_001632368.2
ARCH1219_islike_ANTP_EN1_ANTP_EN2_Nkx6_1	Nvec_vc1.1_XM_032372903.2
ARCH1221_zf_C4_Nuclear_receptors_NR2E1_RXRG_Hnf4_Nr2c2	Nvec_vc1.1_XM_032383641.2
ARCH1221_zf_C4_Nuclear_receptors_NR2E1_RXRG_Hnf4_Nr2c2	Nvec_vc1.1_XM_001630336.3
ARCH1231_ARID2_Arid3b	Nvec_vc1.1_XM_048722594.1
ARCH1232_ARID2_retn	Nvec_vc1.1_XM_048722594.1
ARCH1233_ANTP_HOXA2_ANTP_HOXA3_ANTP_HOXB2_ANTP_HOXB3_ANTP_HOXD3_ARX_DRGX_ALX1_Arx_hbn	Nvec_vc1.1_XM_032383677.2
ARCH1234_ANTP_HOXA2_ANTP_HOXA3_ANTP_HOXB2_ANTP_HOXB3_ANTP_HOXD3_ALX4_ALX3_Alx1_Alx4	Nvec_vc1.1_XM_032383677.2
ARCH1235_ANTP_HOXA2_ANTP_HOXA3_ANTP_HOXB2_ANTP_HOXB3_ANTP_HOXD3_ANTP_MNX1_SINE_SIX3_SINE_SIX5_PHOX2B_PHOX2A_PROP1_bsh_CG11294_CG5369_ALX1_PRRX1_CG9876_Optix	Nvec_vc1.1_XM_032383677.2
ARCH1235_ANTP_HOXA2_ANTP_HOXA3_ANTP_HOXB2_ANTP_HOXB3_ANTP_HOXD3_ANTP_MNX1_SINE_SIX3_SINE_SIX5_PHOX2B_PHOX2A_PROP1_bsh_CG11294_CG5369_ALX1_PRRX1_CG9876_Optix	Nvec_vc1.1_XM_032383693.2
ARCH1235_ANTP_HOXA2_ANTP_HOXA3_ANTP_HOXB2_ANTP_HOXB3_ANTP_HOXD3_ANTP_MNX1_SINE_SIX3_SINE_SIX5_PHOX2B_PHOX2A_PROP1_bsh_CG11294_CG5369_ALX1_PRRX1_CG9876_Optix	Nvec_vc1.1_XM_001625109.3
ARCH1236_ANTP_HOXA2_ANTP_HOXA3_ANTP_HOXB2_ANTP_HOXB3_ANTP_HOXD3_Homeodomains_UNCX_ISX_Uncx_ARGFX	Nvec_vc1.1_XM_032383677.2
ARCH1237_ANTP_HOXA2_ANTP_HOXA3_ANTP_HOXB2_ANTP_HOXB3_ANTP_HOXD3_unc_4_MIXL1	Nvec_vc1.1_XM_032383677.2
ARCH1238_islike:PRD_ARX	Nvec_vc1.1_XM_001631375.3
ARCH1239_islike_PRD_ARX_LMX1B	Nvec_vc1.1_XM_001631375.3
ARCH1251_DMRT1_DMRTC2_dmrt99B	Nvec_vc1.1_XM_032382520.2
ARCH1252_Ets_SPDEF	Nvec_vc1.1_XM_001636352.3
ARCH1253_Forkhead_FOXC1_FOXC2_FOXG1_Foxg1	Nvec_vc1.1_XM_048728051.1
ARCH1253_Forkhead_FOXC1_FOXC2_FOXG1_Foxg1	Nvec_vc1.1_XM_001625950.3
ARCH1254_SINE_SIX1_SINE_SIX2_so	Nvec_vc1.1_XM_001626384.3
ARCH1255_islike_TALE_IRX1_TALE_IRX2_TALE_IRX3_TALE_IRX4_TALE_IRX6_IRX5	Nvec_vc1.1_XM_001633995.3
ARCH1256_islike_TALE_IRX1_TALE_IRX2_TALE_IRX3_TALE_IRX4_TALE_IRX6_IRX5	Nvec_vc1.1_XM_001633995.3
ARCH1257_HMGbox_Sox_SOX8_SOX10_SOX21_SOX9	Nvec_vc1.1_XM_032380374.2
ARCH1258_HMGbox_Sox_SOX9	Nvec_vc1.1_XM_032380374.2
ARCH1259_TEA_TEAD3_TEAD1	Nvec_vc1.1_XM_032364331.2
ARCH1263_Forkhead_FOXO3_FOXO1_FOXO4_FOXO6	Nvec_vc1.1_XM_032385706.2
ARCH1263_Forkhead_FOXO3_FOXO1_FOXO4_FOXO6	Nvec_vc1.1_XM_001624046.3
ARCH1288_ZFP42_zf_C2H2_YY1_ZNF597_YY2_pho_phol	Nvec_vc1.1_XM_048729815.1
ARCH1294_ZIC1_ZIC2_ZIC3_ZIC4_ZIC5_zf_C2H2_opa	Nvec_vc1.1_XM_048728976.1
ARCH1326_DMRT1_DMRTC2_Dmrtc2	Nvec_vc1.1_XM_032382520.2
ARCH1327_DMRT1_DMRTC2_Doublesex_DM_DMRT3_DMRT1_DMRTC2_DMRTA2_DMRTA1	Nvec_vc1.1_XM_032382520.2
ARCH1333_PRD_PAX3_PRD_PAX7_PRD_RHOXF1_Homeodomains_PAX7_Poxn	Nvec_vc1.1_XM_001628635.3
ARCH1334_Homeodomains_pax_2	Nvec_vc1.1_XM_001631763.3
ARCH1335_Homeodomains_egl_38	Nvec_vc1.1_XM_001631763.3
ARCH1339_islike_FOXL1_Forkhead_FOXC1_FOXC2_croc_FOXG1_FOXL2	Nvec_vc1.1_XM_001627072.3
ARCH1339_islike_FOXL1_Forkhead_FOXC1_FOXC2_croc_FOXG1_FOXL2	Nvec_vc1.1_XM_048728051.1
ARCH1339_islike_FOXL1_Forkhead_FOXC1_FOXC2_croc_FOXG1_FOXL2	Nvec_vc1.1_XM_001625950.3
ARCH1340_islike_FOXL1_FOXD2_FOXD3	Nvec_vc1.1_XM_001627072.3
ARCH1341_Forkhead_FOXG1	Nvec_vc1.1_XM_048728051.1
ARCH1372_zf_C4_Nuclear_receptors_RORA	Nvec_vc1.1_XM_032383641.2
ARCH1373_zf_C4_Nuclear_receptors_ESRRB_ESRRA_ESRRG_Esrra_ERR_Esrrb	Nvec_vc1.1_XM_032383641.2
ARCH1374_zf_C4_Nuclear_receptors_NR4A2	Nvec_vc1.1_XM_032383641.2
ARCH1377_E2F4_E2F5	Nvec_vc1.1_XM_001627662.3
ARCH1398_TBX20	Nvec_vc1.1_XM_001632824.3
ARCH1409_islike_ERG_FEV_FLI1_ELK3_ELK4_ETV4	Nvec_v1g108513
ARCH1409_islike_ERG_FEV_FLI1_ELK3_ELK4_ETV4	Nvec_vc1.1_XM_032380975.2
ARCH1413_islike_CEBPA_CEBPB_CEBPD_CEBPE_bZIP_AT_hook_CEBPE_atf_2_Cebpb_CEBPG_CEBPB_CEBPD_Xrp1_CG6272	Nvec_vc1.1_XM_048728399.1
ARCH1414_islike_CEBPA_CEBPB_CEBPD_CEBPE_bZIP_CEBPE_CEBPG_CEBPA_CEBPB_CEBPD	Nvec_vc1.1_XM_048728399.1
ARCH1415_islike_CEBPA_CEBPB_CEBPD_CEBPE_bZIP_CEBPE_slbo_CEBPG_CEBPB_CEBPD	Nvec_vc1.1_XM_048728399.1
ARCH1421_SMAD2_SMAD3_Smad3	Nvec_vc1.1_XM_001631607.3
ARCH1422_SMAD2_SMAD3_SMAD_MH1_SMAD3_SMAD5	Nvec_vc1.1_XM_001631607.3
ARCH1426_HMGbox_Sox_LEF1	Nvec_vc1.1_XM_032371996.2
ARCH1427_HMGbox_Sox_TCF7L1_Tcf7_TCF7	Nvec_vc1.1_XM_032371996.2
ARCH1437_islike_ANTP_BARX1_ANTP_BARX2_LBX2	Nvec_vc1.1_XM_032374864.2
ARCH1438_ANTP_HOXA2_ANTP_HOXA3_ANTP_HOXB2_ANTP_HOXB3_ANTP_HOXD3_VENTX	Nvec_vc1.1_XM_032383677.2
ARCH1439_ANTP_HOXA2_ANTP_HOXA3_ANTP_HOXB2_ANTP_HOXB3_ANTP_HOXD3_Dll	Nvec_vc1.1_XM_032383677.2
ARCH1440_ANTP_HOXA2_ANTP_HOXA3_ANTP_HOXB2_ANTP_HOXB3_ANTP_HOXD3_HOXB5	Nvec_vc1.1_XM_032383677.2
ARCH1441_ANTP_HOXA2_ANTP_HOXA3_ANTP_HOXB2_ANTP_HOXB3_ANTP_HOXD3_DLX1	Nvec_vc1.1_XM_032383677.2
ARCH1442_ANTP_HOXA2_ANTP_HOXA3_ANTP_HOXB2_ANTP_HOXB3_ANTP_HOXD3_HOXD8	Nvec_vc1.1_XM_032383677.2
ARCH1443_ANTP_MNX1_ceh_62	Nvec_vc1.1_XM_032383693.2
ARCH1444_ANTP_MNX1_Q7M3U4_ACRFO	Nvec_vc1.1_XM_032383693.2
ARCH1445_islike_PRD_ARX_ARX	Nvec_vc1.1_XM_001631375.3
ARCH1446_islike_ANTP_BARX1_ANTP_BARX2_LBX2	Nvec_vc1.1_XM_032374864.2
ARCH1447_islike:PRD_ARX_PRD_ARX	Nvec_vc1.1_XM_032371032.2
ARCH1448_TALE_PBX1_TALE_PBX3_TALE_PBX4_PBX4	Nvec_vc1.1_XM_001635374.3
ARCH1455_zf_C4_Nuclear_receptors_RORA_RORC	Nvec_vc1.1_XM_032383641.2
ARCH1456_zf_C4_Nuclear_receptors_Hr46	Nvec_vc1.1_XM_032383641.2
ARCH1457_zf_C4_Nuclear_receptors_Eip75B_Pparg	Nvec_vc1.1_XM_032383641.2
ARCH1479_FOXP1_FOXP2_FOXP3_FOXP4_zf_C2H2_FoxP_Aef1	Nvec_vc1.1_XM_032363859.2
ARCH1486_SRF_bs	Nvec_vc1.1_XM_001635041.3
ARCH1487_SRF	Nvec_vc1.1_XM_001635041.3
ARCH1508_ATF1_CREB1_CREM_CREB1	Nvec_vc1.1_XM_001633393.3
ARCH1509_ATF1_CREB1_CREM_CREB1	Nvec_vc1.1_XM_001633393.3
ARCH1510_Homeodomains_Poxm	Nvec_vc1.1_XM_001631763.3
ARCH1518_ETV6_ETV7_ELF3	Nvec_vc1.1_XM_032384221.2
ARCH1519_ETV6_ETV7_ELF3	Nvec_vc1.1_XM_032384221.2
ARCH1520_ETV6_ETV7_ELF3	Nvec_vc1.1_XM_032384221.2
ARCH1521_FOXP1_FOXP2_FOXP3_FOXP4_FOXP1	Nvec_vc1.1_XM_032363859.2
ARCH1522_ANTP_HOXA2_ANTP_HOXA3_ANTP_HOXB2_ANTP_HOXB3_ANTP_HOXD3_VENTX	Nvec_vc1.1_XM_032383677.2
ARCH1523_ANTP_HOXA2_ANTP_HOXA3_ANTP_HOXB2_ANTP_HOXB3_ANTP_HOXD3_zen2	Nvec_vc1.1_XM_032383677.2
ARCH1524_Homeodomains_TLX3	Nvec_vc1.1_XM_032377358.2
ARCH1525_Homeodomains_TLX3	Nvec_vc1.1_XM_032377358.2
ARCH1610_HLH_Tcf4	Nvec_vc1.1_XM_032375349.2
ARCH1618_zf_C4_Nuclear_receptors_NR2F1	Nvec_vc1.1_XM_032383641.2
ARCH1629_DMRT1_DMRTC2_DMRTC2	Nvec_vc1.1_XM_032382520.2
ARCH1630_SINE_SIX1_SINE_SIX2_so	Nvec_vc1.1_XM_001626384.3
ARCH1631_SINE_SIX3_SINE_SIX5_Six6	Nvec_vc1.1_XM_001625109.3
ARCH1650_islike_SP5_Sp1	Nvec_vc1.1_XM_001634132.3
ARCH1651_zf_C2H2_Klf12	Nvec_vc1.1_XM_032381586.2
ARCH1652_SP1_SP3_SP4_SP4	Nvec_vc1.1_XM_032384447.2
ARCH1653_SP1_SP3_SP4_zf_C2H2_SP1_Spps	Nvec_vc1.1_XM_032384447.2
ARCH1654_KLF10_KLF11_KLF13	Nvec_vc1.1_XM_001639547.3
ARCH1655_islike_EGR1_EGR2_EGR3_EGR1_EGR2_EGR3	Nvec_vc1.1_XM_032366627.2
ARCH1656_islike_EGR1_EGR2_EGR3_EGR4_Egr3	Nvec_vc1.1_XM_032366627.2
ARCH1657_islike_EGR1_EGR2_EGR3_Egr1	Nvec_vc1.1_XM_032366627.2
ARCH1678_POU3F2_POU3F1_POU3F4_POU3F3	Nvec_vc1.1_XM_032363992.2
ARCH1687_zf_C2H2_SCRT1_SCRT2	Nvec_vc1.1_XM_032381270.2
ARCH1689_zf_C2H2_SCRT1	Nvec_vc1.1_XM_032381270.2
ARCH1690_zf_C2H2_scrt_CG12605_SCRT2	Nvec_vc1.1_XM_032381270.2
ARCH1702_islike_TWIST1_TWIST2_HLH_twi_CLOCK	Nvec_vc1.1_XM_032384433.2
ARCH1706_zf_C2H2_CG12605	Nvec_vc1.1_XM_048731064.1
ARCH1706_zf_C2H2_CG12605	Nvec_vc1.1_XM_001637272.3
ARCH1706_zf_C2H2_CG12605	Nvec_vc1.1_XM_001633398.3
ARCH1706_zf_C2H2_CG12605	Nvec_vc1.1_XM_032362875.2
ARCH1706_zf_C2H2_CG12605	Nvec_vc1.1_XM_032365297.2
ARCH1709_islike_ERG_FEV_FLI1_ETS1	Nvec_v1g108513
ARCH1710_RUNX1_RUNX2_RUNX3_Runt_Runx_Runx2_RUNX2_run_Bgb	Nvec_vc1.1_XM_001625588.3
ARCH1711_RUNX1_RUNX2_RUNX3_RUNX3_lz	Nvec_vc1.1_XM_001625588.3
ARCH1746_FOXN1_FOXN4_FOXR1_FOXR2_Foxn4	Nvec_vc1.1_XM_001627792.3
ARCH1756_NR2E1_HNF4A	Nvec_vc1.1_XM_001630336.3
ARCH1757_zf_C4_Nuclear_receptors_RORA	Nvec_vc1.1_XM_032383641.2
ARCH1758_zf_C4_Nuclear_receptors_RARB_NR2F1_Rarg_Rarb_RARG	Nvec_vc1.1_XM_032383641.2
ARCH1759_zf_C4_Nuclear_receptors_THRA_THRB	Nvec_vc1.1_XM_032383641.2
ARCH1760_zf_C4_Nuclear_receptors_RARA	Nvec_vc1.1_XM_032383641.2
ARCH1761_zf_C4_Nuclear_receptors_RARA	Nvec_vc1.1_XM_032383641.2
ARCH1762_zf_C4_Nuclear_receptors_RARA_RARG_Rarg_Rarb_Rara	Nvec_vc1.1_XM_032383641.2
ARCH1763_zf_C4_Nuclear_receptors_RARA_NR2F6_Nr2f6_Rara_Rarg	Nvec_vc1.1_XM_032383641.2
ARCH1764_zf_C4_Nuclear_receptors_NR2E1_RXRG_NR2F6_NR2C2_RXRA_RXRB_Nr2f6_Rxra_Rxrb_HNF4A	Nvec_vc1.1_XM_032383641.2
ARCH1764_zf_C4_Nuclear_receptors_NR2E1_RXRG_NR2F6_NR2C2_RXRA_RXRB_Nr2f6_Rxra_Rxrb_HNF4A	Nvec_vc1.1_XM_001630336.3
ARCH1765_zf_C4_Nuclear_receptors_THRB	Nvec_vc1.1_XM_032383641.2
ARCH1766_zf_C4_Nuclear_receptors_THRB	Nvec_vc1.1_XM_032383641.2
ARCH1767_zf_C4_Nuclear_receptors_NR4A2	Nvec_vc1.1_XM_032383641.2
ARCH1768_zf_C4_Nuclear_receptors_NR4A2	Nvec_vc1.1_XM_032383641.2
ARCH1769_zf_C4_Nuclear_receptors_RARG	Nvec_vc1.1_XM_032383641.2
ARCH1770_zf_C4_Nuclear_receptors_RARG_Rarg_Rarb_Rara	Nvec_vc1.1_XM_032383641.2
ARCH1771_zf_C4_Nuclear_receptors_ESRRA_ESRRG_Esrra	Nvec_vc1.1_XM_032383641.2
ARCH1772_zf_C4_Nuclear_receptors_ESRRA_ESRRG	Nvec_vc1.1_XM_032383641.2
ARCH1773_zf_C4_Nuclear_receptors_NR2E1_NR2F1_usp_RXRG_NR2F6_RXRA_RXRB_HNF4A	Nvec_vc1.1_XM_032383641.2
ARCH1773_zf_C4_Nuclear_receptors_NR2E1_NR2F1_usp_RXRG_NR2F6_RXRA_RXRB_HNF4A	Nvec_vc1.1_XM_001630336.3
ARCH1774_zf_C4_Nuclear_receptors_NR2F1_NR2F2	Nvec_vc1.1_XM_032383641.2
ARCH1775_zf_C4_Nuclear_receptors_PPARD	Nvec_vc1.1_XM_032383641.2
ARCH1776_zf_C4_Nuclear_receptors_NR5A2	Nvec_vc1.1_XM_032383641.2
ARCH1777_zf_C4_Nuclear_receptors_NR5A2	Nvec_vc1.1_XM_032383641.2
ARCH1778_zf_C4_Nuclear_receptors_RARA	Nvec_vc1.1_XM_032383641.2
ARCH1779_zf_C4_Nuclear_receptors_NR6A1	Nvec_vc1.1_XM_032383641.2
ARCH1780_zf_C4_Nuclear_receptors_THRB_NR2F6_NR2F1_NR2C2_HNF4A	Nvec_vc1.1_XM_032383641.2
ARCH1781_zf_C4_Nuclear_receptors_NR2F6_NR2F1	Nvec_vc1.1_XM_032383641.2
ARCH1782_NR2E1_HNF4A_Hnf4	Nvec_vc1.1_XM_001630336.3
ARCH1783_NR2E1_HNF4A	Nvec_vc1.1_XM_001630336.3
ARCH1784_NR2E1_HNF4A_Hnf4a	Nvec_vc1.1_XM_001630336.3
ARCH1785_NR2E1_HNF4A	Nvec_vc1.1_XM_001630336.3
ARCH1786_NR2E1_Hnf4	Nvec_vc1.1_XM_001630336.3
ARCH1787_NR2E1_Hnf4	Nvec_vc1.1_XM_001630336.3
ARCH1788_NR2E1_HNF4A	Nvec_vc1.1_XM_001630336.3
ARCH1789_zf_C4_Nuclear_receptors_NR1I3	Nvec_vc1.1_XM_001634328.3
ARCH1821_FOXK1_FOXK2_FOXJ2_FOXJ3_Foxj3	Nvec_vc1.1_XM_001628964.3
ARCH1822_FOXK1_FOXK2_FOXI1	Nvec_vc1.1_XM_001628964.3
ARCH1823_islike_FOXL1_FOXC1_FOXC2_FOXD2_FOXD3	Nvec_vc1.1_XM_001627072.3
ARCH1824_islike_FOXL1_FOXE1	Nvec_vc1.1_XM_001627072.3
ARCH1825_FOXA1_FOXA2_FOXA3_FOXA1_FOXA3	Nvec_vc1.1_XM_001634505.3
ARCH1826_FOXC1_FOXC2_FOXF2	Nvec_vc1.1_XM_001625950.3
ARCH1827_FOXC1_FOXC2_slp1	Nvec_vc1.1_XM_001625950.3
ARCH1853_zf_C2H2_br	Nvec_vc1.1_XM_001628964.3
ARCH1854_FOXK1_FOXK2_FOXK1	Nvec_vc1.1_XM_001628964.3
ARCH1855_FOXK1_FOXK2_FOXI1	Nvec_vc1.1_XM_001628964.3
ARCH1856_islike_FOXL1_FOXC1	Nvec_vc1.1_XM_001627072.3
ARCH1857_islike_FOXL1_FOXC1	Nvec_vc1.1_XM_001627072.3
ARCH1858_islike_FOXL1_FOXC1_FOXC2_Gm5294_slp1	Nvec_vc1.1_XM_001627072.3
ARCH1858_islike_FOXL1_FOXC1_FOXC2_Gm5294_slp1	Nvec_vc1.1_XM_001625950.3
ARCH1859_islike_FOXL1_FOXA1_FOXA2_FOXA3_FOXC1_FOXB1	Nvec_vc1.1_XM_001627072.3
ARCH1859_islike_FOXL1_FOXA1_FOXA2_FOXA3_FOXC1_FOXB1	Nvec_vc1.1_XM_001634505.3
ARCH1860_islike_FOXL1_FOXC2_Foxc1	Nvec_vc1.1_XM_001627072.3
ARCH1861_islike_FOXL1_FOXC2	Nvec_vc1.1_XM_001627072.3
ARCH1862_islike_FOXL1_fd59A_FOXD2	Nvec_vc1.1_XM_001627072.3
ARCH1863_FOXA1_FOXA2_FOXA3_FOXA1	Nvec_vc1.1_XM_001634505.3
ARCH1864_FOXB1_FOXB2_Forkhead_lin_31_CHES_1_like	Nvec_vc1.1_XM_048728028.1
ARCH1865_FOXD3_bin	Nvec_vc1.1_XM_048724319.1
ARCH1882_FOXK1_FOXK2_Foxj2	Nvec_vc1.1_XM_001628964.3
ARCH1883_FOXK1_FOXK2_FOXK1	Nvec_vc1.1_XM_001628964.3
ARCH1884_islike_FOXL1_FOXC1	Nvec_vc1.1_XM_001627072.3
ARCH1885_HMGbox_Sox_SRY	Nvec_vc1.1_XM_032380374.2
ARCH1891_bZIP_Mafb	Nvec_vc1.1_XM_001628737.3
ARCH1892_bZIP_MAF_MAFA_MAFG_MAFF	Nvec_vc1.1_XM_001628737.3
ARCH1903_PAX6	Nvec_vc1.1_XM_032379347.2
ARCH1904_PAX6	Nvec_vc1.1_XM_032379347.2
ARCH1905_Homeodomains_PAX1_PAX5_PAX9_sv_PAX2	Nvec_vc1.1_XM_001631763.3
ARCH1906_Homeodomains_Poxm_PAX4	Nvec_vc1.1_XM_001631763.3
ARCH1907_Homeodomains_PAX8_PAX2	Nvec_vc1.1_XM_001631763.3
ARCH1911_FOXA1_FOXA2_FOXA3_FOXB1_fkh_fd96Ca	Nvec_vc1.1_XM_001634505.3
ARCH1912_FOXA1_FOXA2_FOXA3_FOXA2_FOXA1_FOXA3_FOXB1	Nvec_vc1.1_XM_001634505.3
ARCH1913_ANTP_HOXA2_ANTP_HOXA3_ANTP_HOXB2_ANTP_HOXB3_ANTP_HOXD3_MSX2_BARX1_MSX1_Msx3	Nvec_vc1.1_XM_032383677.2
ARCH1914_Homeodomains_TLX3	Nvec_vc1.1_XM_032377358.2
ARCH1915_Nvec_v1g211734	Nvec_v1g211734
ARCH1922_Forkhead_FOXR2	Nvec_vc1.1_XM_032387167.2
ARCH1941_islike_ERG_FEV_FLI1_ELK1	Nvec_v1g108513
ARCH1942_islike_ERG_FEV_FLI1_ETS1_ETS2	Nvec_v1g108513
ARCH1943_islike_ERG_FEV_FLI1_ETS1	Nvec_v1g108513
ARCH1944_islike_ERG_FEV_FLI1_ETS2	Nvec_v1g108513
ARCH1945_islike_ERG_FEV_FLI1_ETV3	Nvec_vc1.1_XM_032380975.2
ARCH1946_ETV6_ETV7_ETV7	Nvec_vc1.1_XM_032384221.2
ARCH1947_Homeodomains_Poxn	Nvec_vc1.1_XM_001631763.3
ARCH1986_zf_C4_Nuclear_receptors_PPARG	Nvec_vc1.1_XM_032383641.2
ARCH1987_Homeodomains_PAX8_PAX2	Nvec_vc1.1_XM_001631763.3
ARCH2002_HLH_MAX	Nvec_vc1.1_XM_032385184.2
ARCH2076_HLH_PTF1A_Ptf1a	Nvec_vc1.1_XM_032369367.2
ARCH2076_HLH_PTF1A_Ptf1a	Nvec_v1g210540
ARCH2076_HLH_PTF1A_Ptf1a	Nvec_vc1.1_XM_032370984.2
ARCH2102_DMRT1_DMRTC2_DMRT1	Nvec_vc1.1_XM_032382520.2
ARCH2118_Brinker_zf_C2H2_brk_ZNF454	Nvec_vc1.1_XM_032384450.2
ARCH2118_Brinker_zf_C2H2_brk_ZNF454	Nvec_vc1.1_XM_032363027.2
ARCH2118_Brinker_zf_C2H2_brk_ZNF454	Nvec_vc1.1_XM_032376715.2
ARCH2118_Brinker_zf_C2H2_brk_ZNF454	Nvec_vc1.1_XM_032387281.2
ARCH2134_XBP1	Nvec_vc1.1_XM_001629694.3
ARCH2135_XBP1	Nvec_vc1.1_XM_001629694.3
ARCH2136_XBP1_bZIP_BATF3	Nvec_vc1.1_XM_001629694.3
ARCH2137_CREB3_CREB3L3_CREB3L4_islike_CREB3L1_CREB3L2_bZIP_CREB3L4_CREB3L1_CREB3_ATF6_ATF6B	Nvec_vc1.1_XM_001631543.3
ARCH2137_CREB3_CREB3L3_CREB3L4_islike_CREB3L1_CREB3L2_bZIP_CREB3L4_CREB3L1_CREB3_ATF6_ATF6B	Nvec_vc1.1_XM_048723046.1
ARCH2138_islike_CREB3L1_CREB3L2_bZIP_CREB3L1_CREB3_ATF6	Nvec_vc1.1_XM_048723046.1
ARCH2139_CREB3L1_CREB3L2_islike_CREB3L1_CREB3L2_Creb3l2_CrebA_CREB3L1	Nvec_vc1.1_XM_032378881.2
ARCH2139_CREB3L1_CREB3L2_islike_CREB3L1_CREB3L2_Creb3l2_CrebA_CREB3L1	Nvec_vc1.1_XM_048723046.1
ARCH2159_TBX2_TBX3_TBX20_T_box_TBX2_TBR1	Nvec_vc1.1_XM_001633901.3
ARCH2159_TBX2_TBX3_TBX20_T_box_TBX2_TBR1	Nvec_vc1.1_XM_001632824.3
ARCH2160_TBX2_TBX3_TBX2	Nvec_vc1.1_XM_001633901.3
ARCH2161_TBX1_TBX10_T_box_Tbx1_byn	Nvec_vc1.1_XM_001627136.3
ARCH2162_TBX1_TBX10_TBX15_TBX18_TBX22_TBX1_TBX18	Nvec_vc1.1_XM_001627136.3
ARCH2162_TBX1_TBX10_TBX15_TBX18_TBX22_TBX1_TBX18	Nvec_vc1.1_XM_032363603.2
ARCH2163_TBX1_TBX10_TBX1	Nvec_vc1.1_XM_001627136.3
ARCH2174_E2F7_E2F8_E2F2	Nvec_vc1.1_XM_032370623.2
ARCH2175_E2F4_E2F5	Nvec_vc1.1_XM_001627662.3
ARCH2179_FOXK1_FOXK2_FOXK1_Foxj3_Foxk1	Nvec_vc1.1_XM_001628964.3
ARCH2180_Forkhead_FOXG1	Nvec_vc1.1_XM_048728051.1
ARCH2181_FOXC1_FOXC2_Foxg1	Nvec_vc1.1_XM_001625950.3
ARCH2220_ARID2	Nvec_vc1.1_XM_048722594.1
ARCH2221_Nvec_v1g211734	Nvec_v1g211734
ARCH2222_zf_C2H2_die_1	Nvec_v1g211734
ARCH2223_ARID5A_ARID5B_Arid5a	Nvec_vc1.1_XM_032366646.2
ARCH2224_zf_C4_Nuclear_receptors_NR1H4	Nvec_vc1.1_XM_032383641.2
ARCH2227_TFAP4_HLH_crp	Nvec_vc1.1_XM_032379775.2
ARCH2236_ARNTL_ARNTL2_HLH_ARNTL_BHLHE41_BHLHE40_Bhlhe40_cyc_cwo_ARNT2	Nvec_vc1.1_XM_032372025.2
ARCH2240_ARNTL_ARNTL2_HLH_ARNTL_Mitf	Nvec_vc1.1_XM_032372025.2
ARCH2253_PTF1A_Fer1	Nvec_vc1.1_XM_032385496.2
ARCH2254_PTF1A_HLH_MYF6_nau	Nvec_vc1.1_XM_032385496.2
ARCH2262_bZIP_MAFK_Mafb_MAFG_tj	Nvec_vc1.1_XM_001628737.3
ARCH2263_HBP1_Cic	Nvec_vc1.1_XM_032376267.2
ARCH2265_bZIP_MAFG_MAFK_MAFF	Nvec_vc1.1_XM_001628737.3
ARCH2266_bZIP_MAFK_MAF_MAFA_MAFG_MAFF	Nvec_vc1.1_XM_001628737.3
ARCH2267_bZIP_Mafb_MAFG_MAFB	Nvec_vc1.1_XM_001628737.3
ARCH2268_bZIP_MAF	Nvec_vc1.1_XM_001628737.3
ARCH2269_bZIP_MAFA_NRL	Nvec_vc1.1_XM_001628737.3
ARCH2270_bZIP_MAFG	Nvec_vc1.1_XM_001628737.3
ARCH2271_HMGbox_Sox_SOX8_SOX10_SOX9	Nvec_vc1.1_XM_032380374.2
ARCH2284_XBP1_bZIP_Xbp1	Nvec_vc1.1_XM_001629694.3
ARCH2285_FOS_FOSB_FOSL1_FOSL2_FOSL1	Nvec_vc1.1_XM_001633273.3
ARCH2286_FOXN1_FOXN4_FOXR1_FOXR2_jumu	Nvec_vc1.1_XM_001627792.3
ARCH2291_FOS_FOSB_FOSL1_FOSL2_Fosl1	Nvec_vc1.1_XM_001633273.3
ARCH2293_CREB3_CREB3L3_CREB3L4_bZIP_CREB3L4_CREB3	Nvec_vc1.1_XM_001631543.3
ARCH2294_islike_CREB3L1_CREB3L2_CREB3L1_CREB3L2_bZIP_CREB3L1_Creb3l2_CrebA_Atf6_ATF6B	Nvec_vc1.1_XM_048723046.1
ARCH2294_islike_CREB3L1_CREB3L2_CREB3L1_CREB3L2_bZIP_CREB3L1_Creb3l2_CrebA_Atf6_ATF6B	Nvec_vc1.1_XM_032378881.2
ARCH2314_KLF10_KLF11_zf_C2H2_KLF10_KLF11	Nvec_vc1.1_XM_001639547.3
ARCH2331_islike_EGR1_EGR2_EGR3_EGR2	Nvec_vc1.1_XM_032366627.2
ARCH2346_islike_EGR1_EGR2_EGR3_EGR2_EGR1_EGR4_EGR3	Nvec_vc1.1_XM_032366627.2
ARCH2360_SINE_SIX1_SINE_SIX2_so	Nvec_vc1.1_XM_001626384.3
ARCH2361_E2F7_E2F8_E2F4_E2F5_E2F2_E2F3	Nvec_vc1.1_XM_032370623.2
ARCH2361_E2F7_E2F8_E2F4_E2F5_E2F2_E2F3	Nvec_vc1.1_XM_001627662.3
ARCH2362_RUNX1_RUNX2_RUNX3_RUNX3_RUNX2	Nvec_vc1.1_XM_001625588.3
ARCH2363_RUNX1_RUNX2_RUNX3_RUNX3_RUNX2_lz	Nvec_vc1.1_XM_001625588.3
ARCH2364_RUNX1_RUNX2_RUNX3_lz	Nvec_vc1.1_XM_001625588.3
ARCH2365_RUNX1_RUNX2_RUNX3_lz	Nvec_vc1.1_XM_001625588.3
ARCH2390_Ets_SPDEF	Nvec_vc1.1_XM_001636352.3
ARCH2391_Ets_SPDEF	Nvec_vc1.1_XM_001636352.3
ARCH2392_Ets_ETV6	Nvec_vc1.1_XM_048727247.1
ARCH2396_zf_C4_Nuclear_receptors_NR2C2	Nvec_vc1.1_XM_001636587.3
ARCH2401_islike_FOXL1_FOXC1	Nvec_vc1.1_XM_001627072.3
ARCH2402_ANTP_HOXA2_ANTP_HOXA3_ANTP_HOXB2_ANTP_HOXB3_ANTP_HOXD3_VENTX	Nvec_vc1.1_XM_032383677.2
ARCH2403_ANTP_HOXA2_ANTP_HOXA3_ANTP_HOXB2_ANTP_HOXB3_ANTP_HOXD3_HOXB7	Nvec_vc1.1_XM_032383677.2
ARCH2404_ANTP_MNX1_HESX1	Nvec_vc1.1_XM_032383693.2
ARCH2408_FOXA1_FOXA2_FOXA3_FOXB1	Nvec_vc1.1_XM_001634505.3
ARCH2420_ANTP_HOXA2_ANTP_HOXA3_ANTP_HOXB2_ANTP_HOXB3_ANTP_HOXD3_Hoxa3	Nvec_vc1.1_XM_032383677.2
ARCH2423_ANTP_HOXA2_ANTP_HOXA3_ANTP_HOXB2_ANTP_HOXB3_ANTP_HOXD3_PHOX2B	Nvec_vc1.1_XM_032383677.2
ARCH2424_ANTP_MNX1_PHOX2B	Nvec_vc1.1_XM_032383693.2
ARCH2429_ANTP_HOXA2_ANTP_HOXA3_ANTP_HOXB2_ANTP_HOXB3_ANTP_HOXD3_EN2	Nvec_vc1.1_XM_032383677.2
ARCH2430_islike_PRD_ARX_lbl	Nvec_vc1.1_XM_001631375.3
ARCH2438_ANTP_HOXA2_ANTP_HOXA3_ANTP_HOXB2_ANTP_HOXB3_ANTP_HOXD3_Mnx1	Nvec_vc1.1_XM_032383677.2
ARCH2439_ANTP_HOXA2_ANTP_HOXA3_ANTP_HOXB2_ANTP_HOXB3_ANTP_HOXD3_AAZ08039	Nvec_vc1.1_XM_032383677.2
ARCH2440_PRD_DUXA_Duxbl1	Nvec_vc1.1_XM_048728436.1
ARCH2441_Homeodomains_ceh_19	Nvec_vc1.1_XM_032375107.2
ARCH2442_PRD_DUXA	Nvec_vc1.1_XM_048728436.1
ARCH2445_BORCS8_MEF2A_MEF2B_MEF2C_MEF2D_MEF2C_MEF2D	Nvec_vc1.1_XM_032377792.2
ARCH2446_SRF_unc_120	Nvec_vc1.1_XM_001635041.3
ARCH2447_ANTP_HOXA2_ANTP_HOXA3_ANTP_HOXB2_ANTP_HOXB3_ANTP_HOXD3_MEOX2	Nvec_vc1.1_XM_032383677.2
ARCH2448_ANTP_HOXA2_ANTP_HOXA3_ANTP_HOXB2_ANTP_HOXB3_ANTP_HOXD3_PDX1	Nvec_vc1.1_XM_032383677.2
ARCH2449_ANTP_HOXA2_ANTP_HOXA3_ANTP_HOXB2_ANTP_HOXB3_ANTP_HOXD3_ems	Nvec_vc1.1_XM_032383677.2
ARCH2450_ANTP_HOXA2_ANTP_HOXA3_ANTP_HOXB2_ANTP_HOXB3_ANTP_HOXD3_repo	Nvec_vc1.1_XM_032383677.2
ARCH2451_islike_PRD_ARX_LHX6_Lhx8	Nvec_vc1.1_XM_001631375.3
ARCH2452_PRD_PAX2_PRD_PAX5_PRD_PAX8_PAX7_PAX3	Nvec_vc1.1_XM_001639101.3
ARCH2455_ANTP_HOXA2_ANTP_HOXA3_ANTP_HOXB2_ANTP_HOXB3_ANTP_HOXD3_EMX1_EMX2_PAX4	Nvec_vc1.1_XM_032383677.2
ARCH2456_ANTP_HOXA2_ANTP_HOXA3_ANTP_HOXB2_ANTP_HOXB3_ANTP_HOXD3_EN1_GBX2	Nvec_vc1.1_XM_032383677.2
ARCH2457_ANTP_HOXA2_ANTP_HOXA3_ANTP_HOXB2_ANTP_HOXB3_ANTP_HOXD3_Rx_PHDP_CG32532	Nvec_vc1.1_XM_032383677.2
ARCH2458_ANTP_HOXA2_ANTP_HOXA3_ANTP_HOXB2_ANTP_HOXB3_ANTP_HOXD3_exex	Nvec_vc1.1_XM_032383677.2
ARCH2459_LIM_LHX1_LHX2	Nvec_vc1.1_XM_001631673.3
ARCH2460_LIM_LHX1_Homeodomains_LHX9_HESX1	Nvec_vc1.1_XM_001631673.3
ARCH2460_LIM_LHX1_Homeodomains_LHX9_HESX1	Nvec_vc1.1_XM_032365212.2
ARCH2461_islike_PRD_ARX_LHX6_Lhx8_LHX8	Nvec_vc1.1_XM_001631375.3
ARCH2462_PAX6	Nvec_vc1.1_XM_032379347.2
ARCH2463_ey	Nvec_vc1.1_XM_032379347.2
ARCH2465_POU1F1_POU4F3_POU4F2	Nvec_vc1.1_XM_032370011.2
ARCH2465_POU1F1_POU4F3_POU4F2	Nvec_vc1.1_XM_032373496.2
ARCH2482_ANTP_HOXA2_ANTP_HOXA3_ANTP_HOXB2_ANTP_HOXB3_ANTP_HOXD3_VENTX	Nvec_vc1.1_XM_032383677.2
ARCH2483_ANTP_HOXA2_ANTP_HOXA3_ANTP_HOXB2_ANTP_HOXB3_ANTP_HOXD3_VENTX	Nvec_vc1.1_XM_032383677.2
ARCH2484_islike_ANTP_NKX3_2_NEMVEDRAFT_v1g114268	Nvec_vc1.1_XM_048724756.1
ARCH2487_ANTP_HOXA2_ANTP_HOXA3_ANTP_HOXB2_ANTP_HOXB3_ANTP_HOXD3_Vsx2	Nvec_vc1.1_XM_032383677.2
ARCH2488_ANTP_HOXA2_ANTP_HOXA3_ANTP_HOXB2_ANTP_HOXB3_ANTP_HOXD3_PROP1	Nvec_vc1.1_XM_032383677.2
ARCH2489_islike_ANTP_BARX1_ANTP_BARX2_LBX2	Nvec_vc1.1_XM_032374864.2
ARCH2493_ANTP_MNX1_ANTP_MEOX1_ANTP_MEOX2_ANTP_NKX2_3_ANTP_NKX2_5_ANTP_NKX2_6_Homeodomains_HOXC12_HOXD12_CDX1_HOXC11_Abd_B_HOXA11_HOXD10_HOXC10_HOXA10	Nvec_vc1.1_XM_032383693.2
ARCH2493_ANTP_MNX1_ANTP_MEOX1_ANTP_MEOX2_ANTP_NKX2_3_ANTP_NKX2_5_ANTP_NKX2_6_Homeodomains_HOXC12_HOXD12_CDX1_HOXC11_Abd_B_HOXA11_HOXD10_HOXC10_HOXA10	Nvec_vc1.1_XM_001625899.3
ARCH2493_ANTP_MNX1_ANTP_MEOX1_ANTP_MEOX2_ANTP_NKX2_3_ANTP_NKX2_5_ANTP_NKX2_6_Homeodomains_HOXC12_HOXD12_CDX1_HOXC11_Abd_B_HOXA11_HOXD10_HOXC10_HOXA10	Nvec_vc1.1_XM_001632368.2
ARCH2494_ANTP_MEOX1_ANTP_MEOX2_Homeodomains_HOXD12_HOXA9_HOXC11_Hoxa11	Nvec_vc1.1_XM_001625899.3
ARCH2496_TALE_TGIF1_TALE_TGIF2_Homeodomains_MEIS2_TGIF2_TGIF2LX_PKNOX1_PKNOX2_TGIF1_Meis2_Pknox2_Meis3_achi_TGIF2LY_MEIS3	Nvec_vc1.1_XM_032382395.2
ARCH2497_TALE_TGIF1_TALE_TGIF2_Homeodomains_MEIS2_Meis2	Nvec_vc1.1_XM_032382395.2
ARCH2500_Homeodomains_TLX3	Nvec_vc1.1_XM_032377358.2
ARCH2525_zf_C4_Nuclear_receptors_Rorb	Nvec_vc1.1_XM_032383641.2
ARCH2526_zf_C4_Nuclear_receptors_usp	Nvec_vc1.1_XM_032383641.2
ARCH2529_zf_C4_Nuclear_receptors_ESR1	Nvec_vc1.1_XM_032383641.2
ARCH2530_Homeodomains_Poxn	Nvec_vc1.1_XM_001631763.3
ARCH2531_Homeodomains_Poxn	Nvec_vc1.1_XM_001631763.3
ARCH2546_zf_C4_Nuclear_receptors_RARA	Nvec_vc1.1_XM_032383641.2
ARCH2547_zf_C4_Nuclear_receptors_THRB	Nvec_vc1.1_XM_032383641.2
ARCH2555_zf_C4_Nuclear_receptors_RXRG_RXRA	Nvec_vc1.1_XM_032383641.2
ARCH2556_zf_C4_Nuclear_receptors_Rxra	Nvec_vc1.1_XM_032383641.2
ARCH2557_zf_C4_Nuclear_receptors_RARB_NR2C1_RARA_RXRG_RARG_RXRB	Nvec_vc1.1_XM_032383641.2
ARCH2558_zf_C4_Nuclear_receptors_PPARD_THRB	Nvec_vc1.1_XM_032383641.2
ARCH2559_zf_C4_Nuclear_receptors_RORC	Nvec_vc1.1_XM_032383641.2
ARCH2560_NR2E1_Nr2e1	Nvec_vc1.1_XM_001630336.3
ARCH2561_NR2E1_tll	Nvec_vc1.1_XM_001630336.3
ARCH2562_NR2E1	Nvec_vc1.1_XM_001630336.3
ARCH2564_Nvec_vc1.1_XM_032380374.2	Nvec_vc1.1_XM_032380374.2
ARCH2567_Nvec_v1g211734	Nvec_v1g211734
ARCH2573_bZIP_zip_10	Nvec_vc1.1_XM_032366242.2
ARCH2622_HLH_sage	Nvec_vc1.1_XM_001628279.3
ARCH2640_HLH_FERD3L	Nvec_vc1.1_XM_048724372.1
ARCH2649_zf_C2H2_ZNF264	Nvec_vc1.1_XM_032384420.2
ARCH2658_zf_C2H2_ZNF792	Nvec_vc1.1_XM_032374382.2
ARCH2658_zf_C2H2_ZNF792	Nvec_vc1.1_XM_032375602.2
ARCH2658_zf_C2H2_ZNF792	Nvec_vc1.1_XM_001624941.3
