Nvec_vc1.1_XM_048733866.1	AFF1/AFF2/AFF3/AFF4	AF-4.HG1.0:AFF1/AFF2/AFF3/AFF4
Nvec_vc1.1_XM_001633894.3	TFAP2A/TFAP2B/TFAP2C/TFAP2D/TFAP2E	AP-2.HG1.0:TFAP2A/TFAP2B/TFAP2C/TFAP2D/TFAP2E
Nvec_vc1.1_XM_048724160.1		ARID_BRIGHT.HG1.0:like:ARID4A/ARID4B:likeclu:1
Nvec_vc1.1_XM_048724160.1		ARID_BRIGHT.HG1.0:like:ARID4A/ARID4B:likeclu:1
Nvec_vc1.1_XM_001630131.3	ARID4A/ARID4B	ARID_BRIGHT.HG1.1:ARID4A/ARID4B
Nvec_vc1.1_XM_032366646.2	ARID5A/ARID5B	ARID_BRIGHT.HG1.2:ARID5A/ARID5B
Nvec_vc1.1_XM_032362135.2	ARID3A/ARID3B/ARID3C	ARID_BRIGHT.HG1.4:ARID3A/ARID3B/ARID3C
Nvec_vc1.1_XM_001638492.3	JARID2	ARID_BRIGHT.HG2.0:JARID2
Nvec_vc1.1_XM_048726662.1	KDM5A/KDM5B/KDM5C/KDM5D	ARID_BRIGHT.HG2.2:KDM5A/KDM5B/KDM5C/KDM5D
Nvec_vc1.1_XM_048722594.1	ARID2	ARID_BRIGHT.HG3.0:ARID2
Nvec_NVE15035		Brinker.HG1.4:like:POGK:likeclu:3
Nvec_vc1.1_XM_032363985.2		bZIP.HG1.0:like:DBP/HLF/NFIL3/TEF:likeclu:12/16
Nvec_vc1.1_XM_032372114.2	ATF4/ATF5	bZIP.HG1.2:ATF4/ATF5
Nvec_vc1.1_XM_032383717.2		bZIP.HG1.3:like:DBP/HLF/NFIL3/TEF:likeclu:12/16
Nvec_vc1.1_XM_048723364.1		bZIP.HG1.3:like:DBP/HLF/NFIL3/TEF:likeclu:12/16
Nvec_vc1.1_XM_032382466.2	CEBPA/CEBPB/CEBPD/CEBPE	bZIP.HG1.5:CEBPA/CEBPB/CEBPD/CEBPE/CEBPG
Nvec_vc1.1_XM_048728399.1	islike:CEBPA/CEBPB/CEBPD/CEBPE	bZIP.HG1.5:CEBPA/CEBPB/CEBPD/CEBPE/CEBPG
Nvec_vc1.1_XM_032383907.2	ATF2/ATF7/CREB5	bZIP.HG1.7:ATF2/ATF7/CREB5
Nvec_vc1.1_XM_032383907.2	ATF2/ATF7/CREB5	bZIP.HG1.7:ATF2/ATF7/CREB5
Nvec_vc1.1_XM_032367127.2		bZIP.HG1.10:like:DBP/HLF/NFIL3/TEF:likeclu:12/16
Nvec_vc1.1_XM_032382493.2		bZIP.HG1.11:like:DBP/HLF/NFIL3/TEF:likeclu:12/16
Nvec_vc1.1_XM_032382493.2		bZIP.HG1.11:like:DBP/HLF/NFIL3/TEF:likeclu:12/16
Nvec_v1g39846		bZIP.HG1.11:like:DBP/HLF/NFIL3/TEF:likeclu:12/16
Nvec_vc1.1_XM_001634460.3	DBP/HLF/TEF	bZIP.HG1.12:DBP/HLF/TEF
Nvec_vc1.1_XM_032383868.2	DBP/HLF/TEF	bZIP.HG1.12:DBP/HLF/TEF
Nvec_vc1.1_XM_032366242.2	DBP/HLF/TEF	bZIP.HG1.12:DBP/HLF/TEF
Nvec_vc1.1_XM_048730283.1	FOS/FOSB/FOSL1/FOSL2	bZIP.HG1.19:FOS/FOSB/FOSL1/FOSL2
Nvec_vc1.1_XM_001633273.3	FOS/FOSB/FOSL1/FOSL2	bZIP.HG1.19:FOS/FOSB/FOSL1/FOSL2
Nvec_vc1.1_XM_001631093.3	FOS/FOSB/FOSL1/FOSL2	bZIP.HG1.19:FOS/FOSB/FOSL1/FOSL2
Nvec_vc1.1_XM_001631093.3	FOS/FOSB/FOSL1/FOSL2	bZIP.HG1.19:FOS/FOSB/FOSL1/FOSL2
Nvec_vc1.1_XM_032378648.2		bZIP.HG1.22:like:ATF3/JDP2:likeclu:23
Nvec_vc1.1_XM_048730161.1		bZIP.HG1.22:like:ATF3/JDP2:likeclu:23
Nvec_vc1.1_XM_032384300.2	MAFF/MAFG/MAFK	bZIP.HG2.1:MAFF/MAFG/MAFK
Nvec_vc1.1_XM_001628737.3		bZIP.HG2.2:like:MAF/MAFA/MAFB/MAFF/MAFG/MAFK/NRL:likeclu:0/1
Nvec_vc1.1_XM_032376926.2		bZIP.HG2.2:like:MAF/MAFA/MAFB/MAFF/MAFG/MAFK/NRL:likeclu:0/1
Nvec_vc1.1_XM_001639307.3		bZIP.HG2.4:like:MAF/MAFA/MAFB/MAFF/MAFG/MAFK/NRL:likeclu:0/1
Nvec_vc1.1_XM_032370269.2		bZIP.HG2.4:like:MAF/MAFA/MAFB/MAFF/MAFG/MAFK/NRL:likeclu:0/1
Nvec_vc1.1_XM_001623467.3	CREBZF	bZIP.HG3.1:CREBZF
Nvec_vc1.1_XM_001631543.3	CREB3/CREB3L3/CREB3L4	bZIP.HG3.4:CREB3/CREB3L3/CREB3L4
Nvec_vc1.1_XM_048723046.1	islike:CREB3L1/CREB3L2	bZIP.HG3.5:CREB3L1/CREB3L2
Nvec_vc1.1_XM_032378881.2	CREB3L1/CREB3L2	bZIP.HG3.5:CREB3L1/CREB3L2
Nvec_vc1.1_XM_001640853.3	islike:JUN/JUNB/JUND	bZIP.HG4.1:JUN/JUNB/JUND
Nvec_v1g241767	islike:JUN/JUNB/JUND	bZIP.HG4.1:JUN/JUNB/JUND
Nvec_vc1.1_XM_032374029.2	islike:JUN/JUNB/JUND	bZIP.HG4.1:JUN/JUNB/JUND
Nvec_vc1.1_XM_032385896.2	islike:JUN/JUNB/JUND	bZIP.HG4.1:JUN/JUNB/JUND
Nvec_vc1.1_XM_032374029.2	islike:JUN/JUNB/JUND	bZIP.HG4.1:JUN/JUNB/JUND
Nvec_vc1.1_XM_001638266.3	CREBL2	bZIP.HG5.0:CREBL2
Nvec_vc1.1_XM_001633393.3	ATF1/CREB1/CREM	bZIP.HG5.1:ATF1/CREB1/CREM
Nvec_vc1.1_XM_032373624.2	NFE2/NFE2L1/NFE2L2/NFE2L3	bZIP.HG6.0:BACH1/BACH2/NFE2/NFE2L1/NFE2L2/NFE2L3
Nvec_vc1.1_XM_001629694.3	XBP1	bZIP.HG7.0:XBP1
Nvec_vc1.1_XM_001628946.3	ATF6/ATF6B	bZIP.HG8.0:ATF6/ATF6B
Nvec_vc1.1_XM_032382153.2	CSDE1	CSD.HG1.3:CSDE1
Nvec_vc1.1_XM_032372115.2	CARHSP1/CSDC2	CSD.HG1.4:CARHSP1/CSDC2
Nvec_vc1.1_XM_032386590.2	LIN28A/LIN28B	CSD.HG1.5:LIN28A/LIN28B
Nvec_vc1.1_XM_001633482.3	YBX1/YBX2/YBX3	CSD.HG1.6:YBX1/YBX2/YBX3
Nvec_v1g198893		Doublesex_DM.HG1.2:like:DMRT1/DMRT2/DMRT3/DMRTA1/DMRTA2/DMRTB1/DMRTC2:likeclu:3/9/14/17/18
Nvec_vc1.1_XM_048720569.1		Doublesex_DM.HG1.5:like:DMRT1/DMRT2/DMRT3/DMRTA1/DMRTA2/DMRTB1/DMRTC2:likeclu:3/9/14/17/18
Nvec_vc1.1_XM_032362387.2		Doublesex_DM.HG1.8:like:DMRT1/DMRT2/DMRT3/DMRTA1/DMRTA2/DMRTC2:likeclu:9/14/17/18
Nvec_vc1.1_XM_032384091.2		Doublesex_DM.HG1.10:like:DMRT1/DMRT2/DMRT3/DMRTA1/DMRTA2/DMRTC2:likeclu:9/14/17/18
Nvec_vc1.1_XM_032375670.2		Doublesex_DM.HG1.11:like:DMRT1/DMRT2/DMRT3/DMRTA1/DMRTA2/DMRTC2:likeclu:9/14/17/18
Nvec_vc1.1_XM_032377759.2		Doublesex_DM.HG1.11:like:DMRT1/DMRT2/DMRT3/DMRTA1/DMRTA2/DMRTC2:likeclu:9/14/17/18
Nvec_vc1.1_XM_032369373.2		Doublesex_DM.HG1.12:like:DMRT1/DMRT3/DMRTA1/DMRTA2/DMRTC2:likeclu:14/17/18
Nvec_vc1.1_XM_032371744.2		Doublesex_DM.HG1.13:like:DMRT1/DMRT3/DMRTA1/DMRTA2/DMRTC2:likeclu:14/17/18
Nvec_vc1.1_XM_032371744.2		Doublesex_DM.HG1.13:like:DMRT1/DMRT3/DMRTA1/DMRTA2/DMRTC2:likeclu:14/17/18
Nvec_vc1.1_XM_001628087.3	DMRTA1/DMRTA2	Doublesex_DM.HG1.14:DMRTA1/DMRTA2
Nvec_vc1.1_XM_032382520.2	DMRT1/DMRTC2	Doublesex_DM.HG1.17:DMRT1/DMRTC2
Nvec_vc1.1_XM_001626541.3		Doublesex_DM.HG1.21:like:DMRT1/DMRT2/DMRT3/DMRTA1/DMRTA2/DMRTB1/DMRTC2:likeclu:3/9/14/17/18
Nvec_vc1.1_XM_032380735.2	islike:E2F4/E2F5	E2F_TDP.HG1.0:E2F4/E2F5
Nvec_vc1.1_XM_048722428.1	islike:E2F4/E2F5	E2F_TDP.HG1.0:E2F4/E2F5
Nvec_vc1.1_XM_001627662.3	E2F4/E2F5	E2F_TDP.HG1.0:E2F4/E2F5
Nvec_vc1.1_XM_032385715.2	islike:E2F4/E2F5	E2F_TDP.HG1.0:E2F4/E2F5
Nvec_v1g96966	islike:E2F4/E2F5	E2F_TDP.HG1.0:E2F4/E2F5
Nvec_vc1.1_XM_032385715.2	islike:E2F4/E2F5	E2F_TDP.HG1.0:E2F4/E2F5
Nvec_vc1.1_XM_048722428.1	islike:E2F4/E2F5	E2F_TDP.HG1.0:E2F4/E2F5
Nvec_vc1.1_XM_032385572.2	islike:E2F1/E2F2/E2F3/E2F6	E2F_TDP.HG1.1:E2F1/E2F2/E2F3/E2F6
Nvec_vc1.1_XM_048734435.1	E2F6	E2F_TDP.HG1.1:E2F1/E2F2/E2F3/E2F6
Nvec_vc1.1_XM_048734435.1	islike:E2F1/E2F2/E2F3/E2F6	E2F_TDP.HG1.1:E2F1/E2F2/E2F3/E2F6
Nvec_vc1.1_XM_032378402.2	TFDP1/TFDP2/TFDP3	E2F_TDP.HG2.1:TFDP1/TFDP2/TFDP3
Nvec_vc1.1_XM_032370623.2	E2F7/E2F8	E2F_TDP.HG3.0:E2F7/E2F8
Nvec_vc1.1_XM_032370623.2	E2F7/E2F8	E2F_TDP.HG3.0:E2F7/E2F8
Nvec_vc1.1_XM_032385089.2	GABPA	Ets.HG1.5:GABPA
Nvec_vc1.1_XM_048732532.1	ETS1/ETS2	Ets.HG1.6:ETS1/ETS2
Nvec_v1g108513	islike:ERG/FEV/FLI1	Ets.HG1.8:ERG/FEV/FLI1
Nvec_v1g7198	islike:ERG/FEV/FLI1	Ets.HG1.8:ERG/FEV/FLI1
Nvec_vc1.1_XM_032380975.2	islike:ERG/FEV/FLI1	Ets.HG1.8:ERG/FEV/FLI1
Nvec_vc1.1_XM_048727247.1		Ets.HG1.9:like:ETV1/ETV4/ETV5:likeclu:10
Nvec_vc1.1_XM_032377897.2	ETV1/ETV4/ETV5	Ets.HG1.10:ETV1/ETV4/ETV5
Nvec_vc1.1_XM_001637374.3		Ets.HG1.12:like:AC020909/EHF/ELF1/ELF2/ELF3/ELF4/ELF5/ETV6/ETV7/SPDEF/SPI1/SPIB/SPIC:likeclu:13/14/15/17
Nvec_vc1.1_XM_048727247.1		Ets.HG1.12:like:AC020909/EHF/ELF1/ELF2/ELF3/ELF4/ELF5/ETV6/ETV7/SPDEF/SPI1/SPIB/SPIC:likeclu:13/14/15/17
Nvec_vc1.1_XM_001636352.3		Ets.HG1.12:like:AC020909/EHF/ELF1/ELF2/ELF3/ELF4/ELF5/ETV6/ETV7/SPDEF/SPI1/SPIB/SPIC:likeclu:13/14/15/17
Nvec_vc1.1_XM_001636352.3		Ets.HG1.12:like:AC020909/EHF/ELF1/ELF2/ELF3/ELF4/ELF5/ETV6/ETV7/SPDEF/SPI1/SPIB/SPIC:likeclu:13/14/15/17
Nvec_vc1.1_XM_032361849.2		Ets.HG1.12:like:AC020909/EHF/ELF1/ELF2/ELF3/ELF4/ELF5/ETV6/ETV7/SPDEF/SPI1/SPIB/SPIC:likeclu:13/14/15/17
Nvec_vc1.1_XM_048729186.1	SPDEF	Ets.HG1.13:SPDEF
Nvec_vc1.1_XM_032384221.2	ETV6/ETV7	Ets.HG1.14:ETV6/ETV7
Nvec_vc1.1_XM_032362934.2	EHF/ELF3/ELF5	Ets.HG1.15:AC020909/EHF/ELF3/ELF5/SPI1/SPIB/SPIC
Nvec_vc1.1_XM_032366602.2	EHF/ELF3/ELF5	Ets.HG1.15:AC020909/EHF/ELF3/ELF5/SPI1/SPIB/SPIC
Nvec_vc1.1_XM_001628319.3	FOXJ3	Forkhead.HG1.4:FOXJ2/FOXJ3
Nvec_vc1.1_XM_048723945.1	FOXN2/FOXN3	Forkhead.HG1.6:FOXN2/FOXN3
Nvec_vc1.1_XM_001624689.3	FOXM1	Forkhead.HG1.8:FOXM1
Nvec_vc1.1_XM_001628964.3	FOXK1/FOXK2	Forkhead.HG1.9:FOXK1/FOXK2
Nvec_vc1.1_XM_001636889.3	FOXJ1	Forkhead.HG1.10:FOXJ1
Nvec_vc1.1_XM_001638841.3	FOXG1	Forkhead.HG1.11:FOXG1
Nvec_vc1.1_XM_001625950.3	FOXC1/FOXC2	Forkhead.HG1.14:FOXC1/FOXC2
Nvec_vc1.1_XM_032384126.2	islike:FOXL1	Forkhead.HG1.15:FOXL1
Nvec_vc1.1_XM_001627072.3	islike:FOXL1	Forkhead.HG1.15:FOXL1
Nvec_vc1.1_XM_001634111.3	islike:FOXD1/FOXD2/FOXD3/FOXD4/FOXD4L1/FOXD4L3/FOXD4L4/FOXD4L5/FOXD4L6	Forkhead.HG1.16:FOXD1/FOXD2/FOXD3/FOXD4/FOXD4L1/FOXD4L3/FOXD4L4/FOXD4L5/FOXD4L6/FOXE1/FOXE3/FOXF1/FOXF2/FOXH1/FOXQ1
Nvec_vc1.1_XM_032362607.2	FOXQ1	Forkhead.HG1.16:FOXD1/FOXD2/FOXD3/FOXD4/FOXD4L1/FOXD4L3/FOXD4L4/FOXD4L5/FOXD4L6/FOXE1/FOXE3/FOXF1/FOXF2/FOXH1/FOXQ1
Nvec_vc1.1_XM_048724319.1	FOXD3	Forkhead.HG1.16:FOXD1/FOXD2/FOXD3/FOXD4/FOXD4L1/FOXD4L3/FOXD4L4/FOXD4L5/FOXD4L6/FOXE1/FOXE3/FOXF1/FOXF2/FOXH1/FOXQ1
Nvec_vc1.1_XM_001637115.3	FOXE1/FOXE3	Forkhead.HG1.16:FOXD1/FOXD2/FOXD3/FOXD4/FOXD4L1/FOXD4L3/FOXD4L4/FOXD4L5/FOXD4L6/FOXE1/FOXE3/FOXF1/FOXF2/FOXH1/FOXQ1
Nvec_vc1.1_XM_032387167.2	FOXD3	Forkhead.HG1.16:FOXD1/FOXD2/FOXD3/FOXD4/FOXD4L1/FOXD4L3/FOXD4L4/FOXD4L5/FOXD4L6/FOXE1/FOXE3/FOXF1/FOXF2/FOXH1/FOXQ1
Nvec_vc1.1_XM_032387164.2	FOXD3	Forkhead.HG1.16:FOXD1/FOXD2/FOXD3/FOXD4/FOXD4L1/FOXD4L3/FOXD4L4/FOXD4L5/FOXD4L6/FOXE1/FOXE3/FOXF1/FOXF2/FOXH1/FOXQ1
Nvec_vc1.1_XM_048728051.1		Forkhead.HG1.18:like:FOXA1/FOXA2/FOXA3/FOXB1/FOXB2:likeclu:23/24
Nvec_vc1.1_XM_032364887.2	FOXL2	Forkhead.HG1.22:FOXL2
Nvec_vc1.1_XM_048728028.1	FOXB1/FOXB2	Forkhead.HG1.23:FOXB1/FOXB2
Nvec_vc1.1_XM_001634505.3	FOXA1/FOXA2/FOXA3	Forkhead.HG1.24:FOXA1/FOXA2/FOXA3
Nvec_vc1.1_XM_032378839.2		Forkhead.HG2.0:NA
Nvec_vc1.1_XM_032385706.2		Forkhead.HG2.0:NA
Nvec_v1g200356		Forkhead.HG2.1:NA
Nvec_vc1.1_XM_032374352.2		Forkhead.HG2.3:NA
Nvec_vc1.1_XM_032379152.2		Forkhead.HG2.3:NA
Nvec_vc1.1_XM_032386947.2		Forkhead.HG2.3:NA
Nvec_vc1.1_XM_001624046.3		Forkhead.HG3.0:like:FOXO1/FOXO3/FOXO4/FOXO6:likeclu:1
Nvec_v1g200222		Forkhead.HG3.0:like:FOXO1/FOXO3/FOXO4/FOXO6:likeclu:1
Nvec_vc1.1_XM_001623127.3		Forkhead.HG3.0:like:FOXO1/FOXO3/FOXO4/FOXO6:likeclu:1
Nvec_vc1.1_XM_032365104.2		Forkhead.HG3.0:like:FOXO1/FOXO3/FOXO4/FOXO6:likeclu:1
Nvec_vc1.1_XM_001627629.3		Forkhead.HG3.0:like:FOXO1/FOXO3/FOXO4/FOXO6:likeclu:1
Nvec_vc1.1_XM_032375459.2		Forkhead.HG3.0:like:FOXO1/FOXO3/FOXO4/FOXO6:likeclu:1
Nvec_vc1.1_XM_001630363.3	islike:FOXO1/FOXO3/FOXO4/FOXO6	Forkhead.HG3.1:FOXO1/FOXO3/FOXO4/FOXO6
Nvec_vc1.1_XM_032363859.2	FOXP1/FOXP2/FOXP3/FOXP4	Forkhead.HG4.0:FOXP1/FOXP2/FOXP3/FOXP4
Nvec_vc1.1_XM_001627792.3	FOXN1/FOXN4/FOXR1/FOXR2	Forkhead.HG5.0:FOXN1/FOXN4/FOXR1/FOXR2
Nvec_vc1.1_XM_001630356.3	ZGLP1	GATA.HG1.1:ZGLP1
Nvec_vc1.1_XM_032367288.2	GATA2/GATA3	GATA.HG1.8:GATA1/GATA2/GATA3
Nvec_vc1.1_XM_032372717.2	GCM1/GCM2	GCM.HG1.0:GCM1/GCM2
Nvec_vc1.1_XM_032372717.2	GCM1/GCM2	GCM.HG1.0:GCM1/GCM2
Nvec_vc1.1_XM_032386243.2	GRHL1/GRHL2/GRHL3	Grainyhead_LSF.HG1.0:GRHL1/GRHL2/GRHL3
Nvec_vc1.1_XM_001629572.3	TFCP2/TFCP2L1/UBP1	Grainyhead_LSF.HG2.0:TFCP2/TFCP2L1/UBP1
Nvec_vc1.1_XM_032364348.2		HLH.HG1.0:like:MYF5/MYF6/MYOD1/MYOG:likeclu:12
Nvec_vc1.1_XM_001628300.3		HLH.HG1.3:like:ATOH1/ATOH7/ATOH8/BHLHA9/BHLHA15/BHLHE22/BHLHE23/NEUROD1/NEUROD2/NEUROD4/NEUROD6/NEUROG1/NEUROG2/NEUROG3/OLIG1/OLIG2/OLIG3:likeclu:13/14/18/23/25/46/47
Nvec_vc1.1_XM_001631326.3		HLH.HG1.5:like:ASCL1/ASCL2/ASCL3/ASCL4/ASCL5/ATOH1/ATOH7/ATOH8/BHLHA9/BHLHA15/BHLHE22/BHLHE23/FERD3L/FIGLA/HAND1/HAND2/ID1/ID2/ID3/ID4/LYL1/MESP1/MESP2/MSC/MSGN1/NEUROD1/NEUROD2/NEUROD4/NEUROD6/NEUROG1/NEUROG2/NEUROG3/NHLH1/NHLH2/OLIG1/OLIG2/OLIG3/PTF1A/SCX/TAL1/TAL2/TCF15/TCF21/TCF23/TCF24/TWIST1/TWIST2:likeclu:2/9/13/14/18/21/22/23/25/26/27/31/33/34/36/38/40/44/45/46/47
Nvec_NVE19743		HLH.HG1.10:like:MYF5/MYF6/MYOD1/MYOG:likeclu:12
Nvec_vc1.1_XM_032376421.2	NEUROD1/NEUROD2/NEUROD4/NEUROD6/NEUROG1/NEUROG2/NEUROG3	HLH.HG1.14:NEUROD1/NEUROD2/NEUROD4/NEUROD6/NEUROG1/NEUROG2/NEUROG3
Nvec_vc1.1_XM_048732864.1	BHLHA15	HLH.HG1.18:BHLHA15
Nvec_vc1.1_XM_001628278.3		HLH.HG1.19:like:ATOH8:likeclu:25
Nvec_vc1.1_XM_032385496.2	PTF1A	HLH.HG1.21:PTF1A
Nvec_vc1.1_XM_032381908.2	HAND1/HAND2	HLH.HG1.22:HAND1/HAND2
Nvec_vc1.1_XM_001632826.3	HAND1/HAND2	HLH.HG1.22:HAND1/HAND2
Nvec_vc1.1_XM_001640990.3		HLH.HG1.24:like:ATOH8:likeclu:25
Nvec_vc1.1_XM_001628279.3	ATOH8	HLH.HG1.25:ATOH8
Nvec_vc1.1_XM_032374977.2	TCF23/TCF24	HLH.HG1.26:TCF23/TCF24
Nvec_vc1.1_XM_032384433.2	islike:TWIST1/TWIST2	HLH.HG1.27:TWIST1/TWIST2
Nvec_vc1.1_XM_048724372.1		HLH.HG1.28:like:SCX/TCF15:likeclu:34
Nvec_vc1.1_XM_032362829.1		HLH.HG1.30:like:LYL1/TAL1/TAL2:likeclu:31
Nvec_vc1.1_XM_032363017.2	LYL1/TAL1/TAL2	HLH.HG1.31:LYL1/TAL1/TAL2
Nvec_vc1.1_XM_048731942.1	islike:LYL1/TAL1/TAL2	HLH.HG1.31:LYL1/TAL1/TAL2
Nvec_vc1.1_XM_032384474.2	SCX/TCF15	HLH.HG1.34:SCX/TCF15
Nvec_vc1.1_XM_048721130.1		HLH.HG1.37:like:ASCL1/ASCL2/ASCL3/ASCL4/ASCL5/FERD3L/FIGLA/HAND1/HAND2/ID1/ID2/ID3/ID4/LYL1/MSC/NHLH1/NHLH2/PTF1A/SCX/TAL1/TAL2/TCF15/TCF21/TCF23/TCF24/TWIST1/TWIST2:likeclu:9/21/22/26/27/31/33/34/36/38/40/44/45
Nvec_vc1.1_XM_032375505.2		HLH.HG1.37:like:ASCL1/ASCL2/ASCL3/ASCL4/ASCL5/FERD3L/FIGLA/HAND1/HAND2/ID1/ID2/ID3/ID4/LYL1/MSC/NHLH1/NHLH2/PTF1A/SCX/TAL1/TAL2/TCF15/TCF21/TCF23/TCF24/TWIST1/TWIST2:likeclu:9/21/22/26/27/31/33/34/36/38/40/44/45
Nvec_vc1.1_XM_032386464.2	ID1/ID2/ID3/ID4	HLH.HG1.40:ID1/ID2/ID3/ID4
Nvec_vc1.1_XM_032374008.2		HLH.HG1.43:like:SCX/TCF15:likeclu:34
Nvec_vc1.1_XM_048726750.1		HLH.HG1.43:like:SCX/TCF15:likeclu:34
Nvec_vc1.1_XM_032369367.2	ASCL4	HLH.HG1.44:ASCL3/ASCL4/ASCL5
Nvec_v1g210540	ASCL1/ASCL2	HLH.HG1.45:ASCL1/ASCL2
Nvec_vc1.1_XM_001633819.3		HLH.HG1.49:like:ID1/ID2/ID3/ID4:likeclu:40
Nvec_vc1.1_XM_032381869.2		HLH.HG1.50:like:ASCL1/ASCL2:likeclu:45
Nvec_vc1.1_XM_032370984.2		HLH.HG1.52:like:ASCL1/ASCL2:likeclu:45
Nvec_vc1.1_XM_032385185.2		HLH.HG1.54:like:SCX/TCF15:likeclu:34
Nvec_vc1.1_XM_032385184.2		HLH.HG1.55:like:SCX/TCF15:likeclu:34
Nvec_vc1.1_XM_032384492.2		HLH.HG1.58:like:SCX/TCF15:likeclu:34
Nvec_vc1.1_XM_001634938.2		HLH.HG1.59:like:SCX/TCF15:likeclu:34
Nvec_v1g99666		HLH.HG1.63:like:SCX/TCF15:likeclu:34
Nvec_vc1.1_XM_001635315.3		HLH.HG2.1:like:HES1/HES2/HES3/HES4/HES5/HES6/HES7:likeclu:13
Nvec_vc1.1_XM_032375349.2		HLH.HG2.2:like:HES1/HES2/HES3/HES4/HES5/HES6/HES7:likeclu:13
Nvec_vc1.1_XM_001635316.3		HLH.HG2.4:like:BHLHE40/BHLHE41/CCDC169/HELT/HEY1/HEY2/HEYL/MAX/MGA/MLX/MLXIP/MLXIPL/MNT/MXD1/MXD3/MXD4/MXI1/MYC/MYCL/MYCN/SOHLH1/SOHLH2:likeclu:9/11/14/17/18/21/25/27/29/30
Nvec_vc1.1_XM_001634550.3		HLH.HG2.5:like:HES1/HES2/HES3/HES4/HES5/HES6/HES7:likeclu:13
Nvec_vc1.1_XM_032384063.2		HLH.HG2.5:like:HES1/HES2/HES3/HES4/HES5/HES6/HES7:likeclu:13
Nvec_vc1.1_XM_001635276.3		HLH.HG2.8:like:HES1/HES2/HES3/HES4/HES5/HES6/HES7:likeclu:13
Nvec_vc1.1_XM_032384889.2		HLH.HG2.8:like:HES1/HES2/HES3/HES4/HES5/HES6/HES7:likeclu:13
Nvec_vc1.1_XM_001635277.3		HLH.HG2.8:like:HES1/HES2/HES3/HES4/HES5/HES6/HES7:likeclu:13
Nvec_vc1.1_XM_001635275.3		HLH.HG2.8:like:HES1/HES2/HES3/HES4/HES5/HES6/HES7:likeclu:13
Nvec_vc1.1_XM_032383905.2	HEY1/HEY2/HEYL	HLH.HG2.11:HEY1/HEY2/HEYL
Nvec_vc1.1_XM_001637044.3		HLH.HG2.12:like:HES1/HES2/HES3/HES4/HES5/HES6/HES7:likeclu:13
Nvec_vc1.1_XM_048724796.1	HES1/HES2/HES3/HES4/HES5/HES6/HES7	HLH.HG2.13:HES1/HES2/HES3/HES4/HES5/HES6/HES7
Nvec_vc1.1_XM_001627049.3	HELT	HLH.HG2.14:HELT
Nvec_vc1.1_XM_032366030.2		HLH.HG2.16:like:CCDC169/SOHLH1/SOHLH2:likeclu:17/18
Nvec_vc1.1_XM_032364139.2	CCDC169/SOHLH2	HLH.HG2.18:CCDC169/SOHLH2
Nvec_vc1.1_XM_032364139.2	CCDC169/SOHLH2	HLH.HG2.18:CCDC169/SOHLH2
Nvec_vc1.1_XM_048721183.1	MAX	HLH.HG2.21:MAX
Nvec_vc1.1_XM_001635172.3	islike:MXD1/MXD3/MXD4/MXI1	HLH.HG2.25:MNT/MXD1/MXD3/MXD4/MXI1
Nvec_vc1.1_XM_001636622.3	MNT	HLH.HG2.25:MNT/MXD1/MXD3/MXD4/MXI1
Nvec_vc1.1_XM_048728967.1	islike:MYC/MYCL/MYCN	HLH.HG2.27:MYC/MYCL/MYCN
Nvec_vc1.1_XM_001640809.3	MYC/MYCL/MYCN	HLH.HG2.27:MYC/MYCL/MYCN
Nvec_vc1.1_XM_032366098.2	MYC/MYCL/MYCN	HLH.HG2.27:MYC/MYCL/MYCN
Nvec_vc1.1_XM_001640743.3	islike:MYC/MYCL/MYCN	HLH.HG2.27:MYC/MYCL/MYCN
Nvec_vc1.1_XM_048728967.1	islike:MYC/MYCL/MYCN	HLH.HG2.27:MYC/MYCL/MYCN
Nvec_vc1.1_XM_032375407.2	MYC/MYCL/MYCN	HLH.HG2.27:MYC/MYCL/MYCN
Nvec_vc1.1_XM_001631403.3	MLXIP/MLXIPL	HLH.HG2.29:MGA/MLXIP/MLXIPL
Nvec_vc1.1_XM_048724387.1	MLX	HLH.HG2.30:MLX
Nvec_vc1.1_XM_048724387.1	MLX	HLH.HG2.30:MLX
Nvec_vc1.1_XM_032379775.2	TFAP4	HLH.HG3.0:TFAP4
Nvec_vc1.1_XM_032387318.2	islike:TFAP4	HLH.HG3.0:TFAP4
Nvec_vc1.1_XM_032386356.2	SREBF1/SREBF2	HLH.HG3.1:SREBF1/SREBF2
Nvec_vc1.1_XM_048731196.1	BHMG1	HLH.HG3.2:BHMG1
Nvec_vc1.1_XM_048733302.1	MITF/TFE3/TFEB/TFEC	HLH.HG3.4:MITF/TFE3/TFEB/TFEC
Nvec_vc1.1_XM_032380209.2	USF1/USF2	HLH.HG3.6:USF1/USF2
Nvec_vc1.1_XM_032380209.2	USF1/USF2	HLH.HG3.6:USF1/USF2
Nvec_vc1.1_XM_032381049.2	islike:USF1/USF2	HLH.HG3.6:USF1/USF2
Nvec_vc1.1_XM_032365192.2	islike:AC019117/AHR/AHRR	HLH.HG4.0:AC019117/AHR/AHRR/NCOA1/NPAS1/SIM1
Nvec_vc1.1_XM_032385569.2	NPAS1/SIM1	HLH.HG4.0:AC019117/AHR/AHRR/NCOA1/NPAS1/SIM1
Nvec_vc1.1_XM_048722339.1	AC019117/AHR/AHRR	HLH.HG4.0:AC019117/AHR/AHRR/NCOA1/NPAS1/SIM1
Nvec_vc1.1_XM_001629480.3	ARNT/ARNT2	HLH.HG4.1:ARNT/ARNT2/ARNTL/ARNTL2
Nvec_vc1.1_XM_032372025.2	ARNTL/ARNTL2	HLH.HG4.1:ARNT/ARNT2/ARNTL/ARNTL2
Nvec_vc1.1_XM_032372025.2	ARNTL/ARNTL2	HLH.HG4.1:ARNT/ARNT2/ARNTL/ARNTL2
Nvec_vc1.1_XM_032375280.2		HLH.HG4.2:like:CLOCK/NPAS2:likeclu:3
Nvec_vc1.1_XM_001639692.3	CLOCK/NPAS2	HLH.HG4.3:CLOCK/NPAS2
Nvec_vc1.1_XM_032382158.2	TCF12/TCF3/TCF4	HLH.HG5.0:TCF12/TCF3/TCF4
Nvec_vc1.1_XM_001634712.3	EBF1/EBF2/EBF3/EBF4	HLH.HG6.0:EBF1/EBF2/EBF3/EBF4
Nvec_vc1.1_XM_001627423.3	CIC	HMGbox_Sox.HG1.4:BBX/CIC
Nvec_vc1.1_XM_032376267.2	HBP1	HMGbox_Sox.HG1.6:HBP1
Nvec_vc1.1_XM_001639701.3		HMGbox_Sox.HG1.7:like:BHMG1/SOX1/SOX2/SOX3/SOX14/SOX15/SOX21/SRY:likeclu:18/26/28
Nvec_vc1.1_XM_032378152.2	SOX30	HMGbox_Sox.HG1.8:SOX30
Nvec_vc1.1_XM_032385411.2	islike:SOX30	HMGbox_Sox.HG1.8:SOX30
Nvec_vc1.1_XM_032372264.2	SOX11/SOX12/SOX4	HMGbox_Sox.HG1.9:SOX11/SOX12/SOX4
Nvec_vc1.1_XM_001636155.3	SOX17/SOX18/SOX7	HMGbox_Sox.HG1.11:SOX17/SOX18/SOX7
Nvec_vc1.1_XM_032380374.2		HMGbox_Sox.HG1.12:like:BHMG1/SOX1/SOX2/SOX3/SOX14/SOX15/SOX21/SRY:likeclu:18/26/28
Nvec_NVE23841		HMGbox_Sox.HG1.13:like:BHMG1/SOX1/SOX2/SOX3/SOX14/SOX15/SOX21/SRY:likeclu:18/26/28
Nvec_vc1.1_XM_032376206.2		HMGbox_Sox.HG1.14:like:BHMG1/SOX1/SOX2/SOX3/SOX14/SOX15/SOX21/SRY:likeclu:18/26/28
Nvec_vc1.1_XM_032373062.2		HMGbox_Sox.HG1.17:like:BHMG1/SOX1/SOX2/SOX3/SOX14/SOX15/SOX21/SRY:likeclu:18/26/28
Nvec_vc1.1_XM_001632947.3	SOX1/SOX2/SOX3	HMGbox_Sox.HG1.18:SOX1/SOX15/SOX2/SOX3/SRY
Nvec_vc1.1_XM_032386296.2		HMGbox_Sox.HG1.19:like:BHMG1/SOX1/SOX2/SOX3/SOX14/SOX15/SOX21/SRY:likeclu:18/26/28
Nvec_vc1.1_XM_001632568.3		HMGbox_Sox.HG1.20:like:BHMG1/SOX14/SOX21:likeclu:26/28
Nvec_vc1.1_XM_032384228.2		HMGbox_Sox.HG1.22:like:SOX8/SOX9/SOX10:likeclu:23
Nvec_vc1.1_XM_001629987.3	SOX10/SOX9	HMGbox_Sox.HG1.23:SOX10/SOX8/SOX9
Nvec_vc1.1_XM_032379465.2		HMGbox_Sox.HG1.25:like:BHMG1/SOX1/SOX2/SOX3/SOX14/SOX15/SOX21/SRY:likeclu:18/26/28
Nvec_vc1.1_XM_001624716.3	SOX14/SOX21	HMGbox_Sox.HG1.28:SOX14/SOX21
Nvec_vc1.1_XM_032381587.2		HMGbox_Sox.HG2.1:like:HMG20A/HMG20B/HMGXB4/PMS1/TFAM/TOX/TOX2/TOX3/TOX4/UBTF/UBTFL1:likeclu:7/8/9/12/14/16
Nvec_vc1.1_XM_032373640.2	PBRM1	HMGbox_Sox.HG2.2:PBRM1
Nvec_vc1.1_XM_032364359.2	TOX/TOX2/TOX3/TOX4	HMGbox_Sox.HG2.7:TOX/TOX2/TOX3/TOX4
Nvec_vc1.1_XM_048725617.1	islike:HMG20A/HMG20B	HMGbox_Sox.HG2.9:HMG20A/HMG20B
Nvec_vc1.1_XM_032364225.2	HMG20A/HMG20B	HMGbox_Sox.HG2.9:HMG20A/HMG20B
Nvec_vc1.1_XM_048731950.1	HMGXB4	HMGbox_Sox.HG2.12:HMGXB4
Nvec_vc1.1_XM_001625254.3	UBTF/UBTFL1	HMGbox_Sox.HG2.14:UBTF/UBTFL1
Nvec_vc1.1_XM_048730306.1	islike:TFAM	HMGbox_Sox.HG2.16:TFAM
Nvec_vc1.1_XM_001638852.3	islike:TFAM	HMGbox_Sox.HG2.16:TFAM
Nvec_vc1.1_XM_048734675.1	islike:SSRP1	HMGbox_Sox.HG2.17:SSRP1
Nvec_vc1.1_XM_032380131.2	SSRP1	HMGbox_Sox.HG2.17:SSRP1
Nvec_vc1.1_XM_001633762.3		HMGbox_Sox.HG2.21:like:SSRP1:likeclu:17
Nvec_vc1.1_XM_001628041.3		HMGbox_Sox.HG2.23:like:SSRP1:likeclu:17
Nvec_vc1.1_XM_032371996.2		HMGbox_Sox.HG3.0:like:LEF1/TCF7/TCF7L1/TCF7L2:likeclu:1
Nvec_vc1.1_XM_048723770.1	SMARCE1	HMGbox_Sox.HG4.1:SMARCE1
Nvec_vc1.1_XM_048732776.1	MAEL	HMGbox_Sox.HG5.0:MAEL
Nvec_vc1.1_XM_032370013.2		Homeodomains.HG10.0:like:ANTP_HMX1/ANTP_HMX2/ANTP_HMX3/ANTP_NKX6-1/ANTP_NKX6-2/ANTP_NKX6-3:likeclu:3
Nvec_vc1.1_XM_032366211.2	ANTP_HMX1	Homeodomains.HG10.3:ANTP_HMX1/ANTP_HMX2/ANTP_HMX3/ANTP_NKX6-1/ANTP_NKX6-2/ANTP_NKX6-3
Nvec_vc1.1_XM_032370011.2	ANTP_NKX6-1/ANTP_NKX6-2/ANTP_NKX6-3	Homeodomains.HG10.3:ANTP_HMX1/ANTP_HMX2/ANTP_HMX3/ANTP_NKX6-1/ANTP_NKX6-2/ANTP_NKX6-3
Nvec_vc1.1_XM_032386992.2	CUT_ONECUT1/CUT_ONECUT2/CUT_ONECUT3	Homeodomains.HG11.5:CUT_ONECUT1/CUT_ONECUT2/CUT_ONECUT3
Nvec_vc1.1_XM_032376939.2		Homeodomains.HG11.6:like:CUT_ONECUT1/CUT_ONECUT2/CUT_ONECUT3:likeclu:5
Nvec_vc1.1_XM_032376939.2		Homeodomains.HG11.6:like:CUT_ONECUT1/CUT_ONECUT2/CUT_ONECUT3:likeclu:5
Nvec_vc1.1_XM_048729604.1	PRD_DUXA	Homeodomains.HG12.1:PRD_DUX4/PRD_DUXA/PRD_DUXB
Nvec_vc1.1_XM_001623946.3	islike:PRD_DUX4/PRD_DUXA/PRD_DUXB	Homeodomains.HG12.1:PRD_DUX4/PRD_DUXA/PRD_DUXB
Nvec_vc1.1_XM_001634768.3	islike:PRD_DUX4/PRD_DUXA/PRD_DUXB	Homeodomains.HG12.1:PRD_DUX4/PRD_DUXA/PRD_DUXB
Nvec_vc1.1_XM_048729380.1	PRD_DUXA	Homeodomains.HG12.1:PRD_DUX4/PRD_DUXA/PRD_DUXB
Nvec_vc1.1_XM_048728361.1	PRD_DUXA	Homeodomains.HG12.1:PRD_DUX4/PRD_DUXA/PRD_DUXB
Nvec_vc1.1_XM_048728436.1	PRD_DUXA	Homeodomains.HG12.1:PRD_DUX4/PRD_DUXA/PRD_DUXB
Nvec_vc1.1_XM_048729604.1	PRD_DUXA	Homeodomains.HG12.1:PRD_DUX4/PRD_DUXA/PRD_DUXB
Nvec_vc1.1_XM_001633995.3	islike:TALE_IRX1/TALE_IRX2/TALE_IRX3/TALE_IRX4/TALE_IRX6	Homeodomains.HG13.0:TALE_IRX1/TALE_IRX2/TALE_IRX3/TALE_IRX4/TALE_IRX6/TALE_MKX
Nvec_NVE7697		Homeodomains.HG14.3:like:PRD_PITX1/PRD_PITX2:likeclu:2
Nvec_vc1.1_XM_001641660.3		Homeodomains.HG14.4:like:PRD_PITX1/PRD_PITX2:likeclu:2
Nvec_vc1.1_XM_001635374.3	TALE_PBX1/TALE_PBX3/TALE_PBX4	Homeodomains.HG15.3:TALE_PBX1/TALE_PBX2/TALE_PBX3/TALE_PBX4
Nvec_vc1.1_XM_032383925.2	ANTP_DBX1/ANTP_DBX2/ANTP_HLX	Homeodomains.HG16.0:ANTP_DBX1/ANTP_DBX2/ANTP_HLX
Nvec_vc1.1_XM_032366979.2	ANTP_DBX1/ANTP_DBX2/ANTP_HLX	Homeodomains.HG16.0:ANTP_DBX1/ANTP_DBX2/ANTP_HLX
Nvec_vc1.1_XM_032366665.2		Homeodomains.HG16.1:like:ANTP_DBX1/ANTP_DBX2/ANTP_HLX:likeclu:0
Nvec_vc1.1_XM_032362346.2		Homeodomains.HG16.2:like:ANTP_DBX1/ANTP_DBX2/ANTP_HLX:likeclu:0
Nvec_vc1.1_XM_048731137.1	LIM_LMX1A/LIM_LMX1B	Homeodomains.HG17.1:LIM_LMX1A/LIM_LMX1B
Nvec_vc1.1_XM_032364561.2	HNF_HNF1A/HNF_HNF1B	Homeodomains.HG18.2:HNF_HNF1A/HNF_HNF1B
Nvec_vc1.1_XM_032363992.2	POU_POU4F1/POU_POU4F2/POU_POU4F3	Homeodomains.HG19.0:POU_POU4F1/POU_POU4F2/POU_POU4F3
Nvec_vc1.1_XM_048727305.1		Homeodomains.HG1.0:like:ANTP_EN1/ANTP_EN2/ANTP_HHEX/ANTP_LBX1/ANTP_LBX2/ANTP_TLX1/ANTP_TLX2/ANTP_TLX3/LIM_LHX1/LIM_LHX2/LIM_LHX3/LIM_LHX4/LIM_LHX6/LIM_LHX8/PAX1/PAX9/PRD_PAX2/PRD_PAX3/PRD_PAX4/PRD_PAX5/PRD_PAX6/PRD_PAX7/PRD_PAX8/PRD_RHOXF1/ZF_HOMEZ/ZF_ZFHX2/ZF_ZFHX3/ZF_ZFHX4/ZF_ZHX1/ZF_ZHX2/ZF_ZHX3:likeclu:7/9/11/16/20/22/23/27/28/29/31/32
Nvec_vc1.1_XM_048731755.1	ZF_ZHX2/ZF_ZHX3	Homeodomains.HG1.7:ZF_ZHX2/ZF_ZHX3
Nvec_vc1.1_XM_001625768.3		Homeodomains.HG1.8:like:ANTP_EN1/ANTP_EN2/ANTP_HHEX/ANTP_LBX1/ANTP_LBX2/ANTP_TLX1/ANTP_TLX2/ANTP_TLX3:likeclu:9
Nvec_vc1.1_XM_032371859.2	islike:ANTP_EN1/ANTP_EN2	Homeodomains.HG1.9:ANTP_EN1/ANTP_EN2/ANTP_HHEX/ANTP_LBX1/ANTP_LBX2/ANTP_TLX1/ANTP_TLX2/ANTP_TLX3
Nvec_vc1.1_XM_032364784.2	ANTP_HHEX	Homeodomains.HG1.9:ANTP_EN1/ANTP_EN2/ANTP_HHEX/ANTP_LBX1/ANTP_LBX2/ANTP_TLX1/ANTP_TLX2/ANTP_TLX3
Nvec_vc1.1_XM_032372904.2	islike:ANTP_EN1/ANTP_EN2	Homeodomains.HG1.9:ANTP_EN1/ANTP_EN2/ANTP_HHEX/ANTP_LBX1/ANTP_LBX2/ANTP_TLX1/ANTP_TLX2/ANTP_TLX3
Nvec_vc1.1_XM_032381099.2	islike:ANTP_EN1/ANTP_EN2	Homeodomains.HG1.9:ANTP_EN1/ANTP_EN2/ANTP_HHEX/ANTP_LBX1/ANTP_LBX2/ANTP_TLX1/ANTP_TLX2/ANTP_TLX3
Nvec_vc1.1_XM_032372903.2	islike:ANTP_EN1/ANTP_EN2	Homeodomains.HG1.9:ANTP_EN1/ANTP_EN2/ANTP_HHEX/ANTP_LBX1/ANTP_LBX2/ANTP_TLX1/ANTP_TLX2/ANTP_TLX3
Nvec_vc1.1_XM_032381099.2	islike:ANTP_EN1/ANTP_EN2	Homeodomains.HG1.9:ANTP_EN1/ANTP_EN2/ANTP_HHEX/ANTP_LBX1/ANTP_LBX2/ANTP_TLX1/ANTP_TLX2/ANTP_TLX3
Nvec_vc1.1_XM_001634715.3	ANTP_LBX1/ANTP_LBX2	Homeodomains.HG1.9:ANTP_EN1/ANTP_EN2/ANTP_HHEX/ANTP_LBX1/ANTP_LBX2/ANTP_TLX1/ANTP_TLX2/ANTP_TLX3
Nvec_vc1.1_XM_032378779.2	islike:ANTP_EN1/ANTP_EN2	Homeodomains.HG1.9:ANTP_EN1/ANTP_EN2/ANTP_HHEX/ANTP_LBX1/ANTP_LBX2/ANTP_TLX1/ANTP_TLX2/ANTP_TLX3
Nvec_vc1.1_XM_032381099.2	islike:ANTP_EN1/ANTP_EN2	Homeodomains.HG1.9:ANTP_EN1/ANTP_EN2/ANTP_HHEX/ANTP_LBX1/ANTP_LBX2/ANTP_TLX1/ANTP_TLX2/ANTP_TLX3
Nvec_vc1.1_XM_032363874.2	islike:ANTP_HHEX/ANTP_LBX1/ANTP_LBX2	Homeodomains.HG1.9:ANTP_EN1/ANTP_EN2/ANTP_HHEX/ANTP_LBX1/ANTP_LBX2/ANTP_TLX1/ANTP_TLX2/ANTP_TLX3
Nvec_vc1.1_XM_032381099.2	islike:ANTP_EN1/ANTP_EN2	Homeodomains.HG1.9:ANTP_EN1/ANTP_EN2/ANTP_HHEX/ANTP_LBX1/ANTP_LBX2/ANTP_TLX1/ANTP_TLX2/ANTP_TLX3
Nvec_vc1.1_XM_032383663.2	islike:ANTP_EN1/ANTP_EN2	Homeodomains.HG1.9:ANTP_EN1/ANTP_EN2/ANTP_HHEX/ANTP_LBX1/ANTP_LBX2/ANTP_TLX1/ANTP_TLX2/ANTP_TLX3
Nvec_vc1.1_XM_048724802.1	islike:ANTP_EN1/ANTP_EN2	Homeodomains.HG1.9:ANTP_EN1/ANTP_EN2/ANTP_HHEX/ANTP_LBX1/ANTP_LBX2/ANTP_TLX1/ANTP_TLX2/ANTP_TLX3
Nvec_vc1.1_XM_032378769.2	islike:ANTP_EN1/ANTP_EN2	Homeodomains.HG1.9:ANTP_EN1/ANTP_EN2/ANTP_HHEX/ANTP_LBX1/ANTP_LBX2/ANTP_TLX1/ANTP_TLX2/ANTP_TLX3
Nvec_vc1.1_XM_048730743.1	islike:ANTP_EN1/ANTP_EN2	Homeodomains.HG1.9:ANTP_EN1/ANTP_EN2/ANTP_HHEX/ANTP_LBX1/ANTP_LBX2/ANTP_TLX1/ANTP_TLX2/ANTP_TLX3
Nvec_vc1.1_XM_048728853.1	islike:ANTP_HHEX/ANTP_LBX1/ANTP_LBX2	Homeodomains.HG1.9:ANTP_EN1/ANTP_EN2/ANTP_HHEX/ANTP_LBX1/ANTP_LBX2/ANTP_TLX1/ANTP_TLX2/ANTP_TLX3
Nvec_vc1.1_XM_032380001.2	islike:ANTP_EN1/ANTP_EN2	Homeodomains.HG1.9:ANTP_EN1/ANTP_EN2/ANTP_HHEX/ANTP_LBX1/ANTP_LBX2/ANTP_TLX1/ANTP_TLX2/ANTP_TLX3
Nvec_vc1.1_XM_032363920.2	islike:ANTP_EN1/ANTP_EN2	Homeodomains.HG1.9:ANTP_EN1/ANTP_EN2/ANTP_HHEX/ANTP_LBX1/ANTP_LBX2/ANTP_TLX1/ANTP_TLX2/ANTP_TLX3
Nvec_vc1.1_XM_032378779.2	islike:ANTP_EN1/ANTP_EN2	Homeodomains.HG1.9:ANTP_EN1/ANTP_EN2/ANTP_HHEX/ANTP_LBX1/ANTP_LBX2/ANTP_TLX1/ANTP_TLX2/ANTP_TLX3
Nvec_vc1.1_XM_032378000.2	islike:ANTP_EN1/ANTP_EN2	Homeodomains.HG1.9:ANTP_EN1/ANTP_EN2/ANTP_HHEX/ANTP_LBX1/ANTP_LBX2/ANTP_TLX1/ANTP_TLX2/ANTP_TLX3
Nvec_vc1.1_XM_001628634.3	PRD_PAX3/PRD_PAX7/PRD_RHOXF1	Homeodomains.HG1.16:PRD_PAX3/PRD_PAX7/PRD_RHOXF1
Nvec_vc1.1_XM_001628635.3	PRD_PAX3/PRD_PAX7/PRD_RHOXF1	Homeodomains.HG1.16:PRD_PAX3/PRD_PAX7/PRD_RHOXF1
Nvec_vc1.1_XM_001628634.3	PRD_PAX3/PRD_PAX7/PRD_RHOXF1	Homeodomains.HG1.16:PRD_PAX3/PRD_PAX7/PRD_RHOXF1
Nvec_vc1.1_XM_001624560.3	PRD_PAX3/PRD_PAX7/PRD_RHOXF1	Homeodomains.HG1.16:PRD_PAX3/PRD_PAX7/PRD_RHOXF1
Nvec_vc1.1_XM_048727543.1	PRD_PAX3/PRD_PAX7/PRD_RHOXF1	Homeodomains.HG1.16:PRD_PAX3/PRD_PAX7/PRD_RHOXF1
Nvec_vc1.1_XM_001628635.3	PRD_PAX3/PRD_PAX7/PRD_RHOXF1	Homeodomains.HG1.16:PRD_PAX3/PRD_PAX7/PRD_RHOXF1
Nvec_vc1.1_XM_032379688.2		Homeodomains.HG1.21:like:ANTP_EN1/ANTP_EN2/ANTP_HHEX/ANTP_LBX1/ANTP_LBX2/ANTP_TLX1/ANTP_TLX2/ANTP_TLX3:likeclu:9
Nvec_vc1.1_XM_032364121.2		Homeodomains.HG1.21:like:ANTP_EN1/ANTP_EN2/ANTP_HHEX/ANTP_LBX1/ANTP_LBX2/ANTP_TLX1/ANTP_TLX2/ANTP_TLX3:likeclu:9
Nvec_vc1.1_XM_032384965.2		Homeodomains.HG1.21:like:ANTP_EN1/ANTP_EN2/ANTP_HHEX/ANTP_LBX1/ANTP_LBX2/ANTP_TLX1/ANTP_TLX2/ANTP_TLX3:likeclu:9
Nvec_vc1.1_XM_001639101.3	PRD_PAX2/PRD_PAX5/PRD_PAX8	Homeodomains.HG1.22:PRD_PAX2/PRD_PAX5/PRD_PAX8
Nvec_vc1.1_XM_001631763.3		Homeodomains.HG1.25:like:PRD_PAX4/PRD_PAX6:likeclu:31/32
Nvec_vc1.1_XM_032379347.2		Homeodomains.HG1.26:like:PRD_PAX4/PRD_PAX6:likeclu:31/32
Nvec_vc1.1_XM_032374041.2	LIM_LHX6/LIM_LHX8	Homeodomains.HG1.27:LIM_LHX6/LIM_LHX8
Nvec_vc1.1_XM_032384949.2	LIM_LHX2	Homeodomains.HG1.28:LIM_LHX2
Nvec_vc1.1_XM_001631673.3	LIM_LHX1	Homeodomains.HG1.29:LIM_LHX1/LIM_LHX3/LIM_LHX4
Nvec_vc1.1_XM_032362713.2	LIM_ISL1/LIM_ISL2	Homeodomains.HG20.0:LIM_ISL1/LIM_ISL2
Nvec_vc1.1_XM_032385169.2		Homeodomains.HG22.0:NA
Nvec_vc1.1_XM_001628481.3		Homeodomains.HG22.3:NA
Nvec_vc1.1_XM_032381059.2	CERS_CERS2/CERS_CERS3/CERS_CERS4	Homeodomains.HG23.0:CERS_CERS2/CERS_CERS3/CERS_CERS4/CERS_CERS5/CERS_CERS6
Nvec_vc1.1_XM_032385577.2	CERS_CERS2/CERS_CERS3/CERS_CERS4	Homeodomains.HG23.0:CERS_CERS2/CERS_CERS3/CERS_CERS4/CERS_CERS5/CERS_CERS6
Nvec_vc1.1_XM_048727956.1		Homeodomains.HG2.0:like:Other_CPHX1/Other_CPHX2/PRD_ALX1/PRD_ALX3/PRD_ALX4/PRD_ARGFX/PRD_ARX/PRD_CRX/PRD_DMBX1/PRD_DPRX/PRD_DRGX/PRD_ESX1/PRD_GSC/PRD_GSC2/PRD_HESX1/PRD_ISX/PRD_LEUTX/PRD_MIXL1/PRD_NOBOX/PRD_OTP/PRD_OTX1/PRD_OTX2/PRD_PHOX2A/PRD_PROP1/PRD_PRRX1/PRD_PRRX2/PRD_RAX/PRD_RAX2/PRD_RHOXF2/PRD_RHOXF2B/PRD_SEBOX/PRD_SHOX/PRD_SHOX2/PRD_TPRX1/PRD_UNCX/PRD_VSX1/PRD_VSX2:likeclu:4/10/11/13/16/18/20/21/22/28/29/30/31/32/34/35/40/42/43/45/48/49/50
Nvec_vc1.1_XM_048727956.1		Homeodomains.HG2.0:like:Other_CPHX1/Other_CPHX2/PRD_ALX1/PRD_ALX3/PRD_ALX4/PRD_ARGFX/PRD_ARX/PRD_CRX/PRD_DMBX1/PRD_DPRX/PRD_DRGX/PRD_ESX1/PRD_GSC/PRD_GSC2/PRD_HESX1/PRD_ISX/PRD_LEUTX/PRD_MIXL1/PRD_NOBOX/PRD_OTP/PRD_OTX1/PRD_OTX2/PRD_PHOX2A/PRD_PROP1/PRD_PRRX1/PRD_PRRX2/PRD_RAX/PRD_RAX2/PRD_RHOXF2/PRD_RHOXF2B/PRD_SEBOX/PRD_SHOX/PRD_SHOX2/PRD_TPRX1/PRD_UNCX/PRD_VSX1/PRD_VSX2:likeclu:4/10/11/13/16/18/20/21/22/28/29/30/31/32/34/35/40/42/43/45/48/49/50
Nvec_vc1.1_XM_032387312.2		Homeodomains.HG2.3:like:Other_CPHX1/Other_CPHX2/PRD_ALX1/PRD_ALX3/PRD_ALX4/PRD_ARGFX/PRD_ARX/PRD_CRX/PRD_DMBX1/PRD_DPRX/PRD_DRGX/PRD_ESX1/PRD_GSC/PRD_GSC2/PRD_HESX1/PRD_ISX/PRD_LEUTX/PRD_MIXL1/PRD_NOBOX/PRD_OTP/PRD_OTX1/PRD_OTX2/PRD_PHOX2A/PRD_PROP1/PRD_PRRX1/PRD_PRRX2/PRD_RAX/PRD_RAX2/PRD_RHOXF2/PRD_RHOXF2B/PRD_SEBOX/PRD_SHOX/PRD_SHOX2/PRD_TPRX1/PRD_UNCX/PRD_VSX1/PRD_VSX2:likeclu:4/10/11/13/16/18/20/21/22/28/29/30/31/32/34/35/40/42/43/45/48/49/50
Nvec_vc1.1_XM_001625754.3		Homeodomains.HG2.5:like:Other_CPHX1/Other_CPHX2/PRD_ALX1/PRD_ALX3/PRD_ALX4/PRD_ARGFX/PRD_ARX/PRD_CRX/PRD_DMBX1/PRD_DPRX/PRD_DRGX/PRD_ESX1/PRD_GSC/PRD_GSC2/PRD_HESX1/PRD_ISX/PRD_LEUTX/PRD_MIXL1/PRD_NOBOX/PRD_OTP/PRD_OTX1/PRD_OTX2/PRD_PHOX2A/PRD_PROP1/PRD_PRRX1/PRD_PRRX2/PRD_RAX/PRD_RAX2/PRD_RHOXF2/PRD_RHOXF2B/PRD_SEBOX/PRD_SHOX/PRD_SHOX2/PRD_TPRX1/PRD_UNCX/PRD_VSX1/PRD_VSX2:likeclu:4/10/11/13/16/18/20/21/22/28/29/30/31/32/34/35/40/42/43/45/48/49/50
Nvec_vc1.1_XM_032365212.2		Homeodomains.HG2.6:like:Other_CPHX1/Other_CPHX2/PRD_ALX1/PRD_ALX3/PRD_ALX4/PRD_ARGFX/PRD_ARX/PRD_CRX/PRD_DMBX1/PRD_DPRX/PRD_DRGX/PRD_ESX1/PRD_GSC/PRD_GSC2/PRD_HESX1/PRD_ISX/PRD_LEUTX/PRD_MIXL1/PRD_NOBOX/PRD_OTP/PRD_OTX1/PRD_OTX2/PRD_PHOX2A/PRD_PROP1/PRD_PRRX1/PRD_PRRX2/PRD_RAX/PRD_RAX2/PRD_RHOXF2/PRD_RHOXF2B/PRD_SEBOX/PRD_SHOX/PRD_SHOX2/PRD_TPRX1/PRD_UNCX/PRD_VSX1/PRD_VSX2:likeclu:4/10/11/13/16/18/20/21/22/28/29/30/31/32/34/35/40/42/43/45/48/49/50
Nvec_vc1.1_XM_001631173.3	PRD_VSX1/PRD_VSX2	Homeodomains.HG2.10:PRD_VSX1/PRD_VSX2
Nvec_vc1.1_XM_001631375.3	islike:PRD_ARX	Homeodomains.HG2.13:PRD_ARX
Nvec_vc1.1_XM_032371032.2	islike:PRD_ARX	Homeodomains.HG2.13:PRD_ARX
Nvec_vc1.1_XM_032371032.2	PRD_ARX	Homeodomains.HG2.13:PRD_ARX
Nvec_vc1.1_XM_001634160.3	PRD_RAX/PRD_RAX2	Homeodomains.HG2.16:PRD_RAX/PRD_RAX2
Nvec_vc1.1_XM_001634116.3		Homeodomains.HG2.17:like:PRD_OTP/PRD_PROP1:likeclu:31/32
Nvec_vc1.1_XM_032379723.2		Homeodomains.HG2.19:like:PRD_ALX1/PRD_ALX3/PRD_ALX4:likeclu:18
Nvec_vc1.1_XM_001627544.3	PRD_UNCX	Homeodomains.HG2.20:PRD_UNCX
Nvec_vc1.1_XM_001636859.3		Homeodomains.HG2.24:like:PRD_UNCX:likeclu:20
Nvec_vc1.1_XM_001634956.3	PRD_GSC/PRD_GSC2	Homeodomains.HG2.29:PRD_GSC/PRD_GSC2
Nvec_vc1.1_XM_001636862.3	islike:PRD_PROP1	Homeodomains.HG2.31:PRD_PROP1
Nvec_vc1.1_XM_001635015.3	PRD_PROP1	Homeodomains.HG2.31:PRD_PROP1
Nvec_vc1.1_XM_032383560.2	PRD_OTP	Homeodomains.HG2.32:PRD_OTP
Nvec_vc1.1_XM_001639164.3		Homeodomains.HG2.33:like:PRD_NOBOX:likeclu:34
Nvec_vc1.1_XM_001632929.3	PRD_SHOX/PRD_SHOX2	Homeodomains.HG2.40:PRD_SHOX/PRD_SHOX2
Nvec_vc1.1_XM_032379400.2	PRD_DMBX1	Homeodomains.HG2.43:PRD_DMBX1
Nvec_vc1.1_XM_032379394.2	PRD_DMBX1	Homeodomains.HG2.43:PRD_DMBX1
Nvec_vc1.1_XM_048733519.1	PRD_DMBX1	Homeodomains.HG2.43:PRD_DMBX1
Nvec_vc1.1_XM_032379394.2	PRD_DMBX1	Homeodomains.HG2.43:PRD_DMBX1
Nvec_vc1.1_XM_032379348.2	PRD_DMBX1	Homeodomains.HG2.43:PRD_DMBX1
Nvec_vc1.1_XM_032379398.2	PRD_DMBX1	Homeodomains.HG2.43:PRD_DMBX1
Nvec_vc1.1_XM_001647488.3	PRD_CRX/PRD_OTX1/PRD_OTX2	Homeodomains.HG2.45:PRD_CRX/PRD_OTX1/PRD_OTX2
Nvec_vc1.1_XM_001647471.3	PRD_CRX/PRD_OTX1/PRD_OTX2	Homeodomains.HG2.45:PRD_CRX/PRD_OTX1/PRD_OTX2
Nvec_vc1.1_XM_032375635.2	PRD_CRX/PRD_OTX1/PRD_OTX2	Homeodomains.HG2.45:PRD_CRX/PRD_OTX1/PRD_OTX2
Nvec_vc1.1_XM_001630676.3		Homeodomains.HG2.47:like:Other_CPHX1/Other_CPHX2/PRD_ALX1/PRD_ALX3/PRD_ALX4/PRD_ARGFX/PRD_ARX/PRD_CRX/PRD_DMBX1/PRD_DPRX/PRD_DRGX/PRD_ESX1/PRD_GSC/PRD_GSC2/PRD_ISX/PRD_LEUTX/PRD_MIXL1/PRD_NOBOX/PRD_OTP/PRD_OTX1/PRD_OTX2/PRD_PHOX2A/PRD_PROP1/PRD_PRRX1/PRD_PRRX2/PRD_RAX/PRD_RAX2/PRD_RHOXF2/PRD_RHOXF2B/PRD_SEBOX/PRD_SHOX/PRD_SHOX2/PRD_UNCX/PRD_VSX1/PRD_VSX2:likeclu:10/11/13/16/18/20/21/22/28/29/30/31/32/34/35/40/42/43/45/48/49/50
Nvec_vc1.1_XM_032362307.2	ANTP_PDX1	Homeodomains.HG3.2:ANTP_PDX1
Nvec_vc1.1_XM_001641575.3		Homeodomains.HG3.4:like:ANTP_CDX1/ANTP_CDX2/ANTP_CDX4/ANTP_EVX1/ANTP_EVX2/ANTP_GBX1/ANTP_GBX2/ANTP_GSX1/ANTP_GSX2/ANTP_HOXA1/ANTP_HOXA2/ANTP_HOXA3/ANTP_HOXA4/ANTP_HOXA5/ANTP_HOXA6/ANTP_HOXA7/ANTP_HOXA9/ANTP_HOXA10/ANTP_HOXA11/ANTP_HOXA13/ANTP_HOXB1/ANTP_HOXB2/ANTP_HOXB3/ANTP_HOXB4/ANTP_HOXB5/ANTP_HOXB6/ANTP_HOXB7/ANTP_HOXB8/ANTP_HOXB9/ANTP_HOXB13/ANTP_HOXC4/ANTP_HOXC5/ANTP_HOXC6/ANTP_HOXC8/ANTP_HOXC9/ANTP_HOXC10/ANTP_HOXC12/ANTP_HOXC13/ANTP_HOXD1/ANTP_HOXD3/ANTP_HOXD4/ANTP_HOXD8/ANTP_HOXD9/ANTP_HOXD10/ANTP_HOXD11/ANTP_HOXD12/ANTP_HOXD13/ANTP_MEOX1/ANTP_MEOX2/ANTP_MNX1/ANTP_MSX1/ANTP_MSX2/ANTP_PDX1:likeclu:0/2/7/8/9/10/11/12/15/18/20/23/24/25/26/27/28/29/31
Nvec_vc1.1_XM_032366733.2		Homeodomains.HG3.6:like:ANTP_CDX1/ANTP_CDX2/ANTP_CDX4/ANTP_EVX1/ANTP_EVX2/ANTP_GBX1/ANTP_GBX2/ANTP_GSX1/ANTP_GSX2/ANTP_HOXA1/ANTP_HOXA2/ANTP_HOXA3/ANTP_HOXA4/ANTP_HOXA5/ANTP_HOXA6/ANTP_HOXA7/ANTP_HOXA9/ANTP_HOXA10/ANTP_HOXA11/ANTP_HOXA13/ANTP_HOXB1/ANTP_HOXB2/ANTP_HOXB3/ANTP_HOXB4/ANTP_HOXB5/ANTP_HOXB6/ANTP_HOXB7/ANTP_HOXB8/ANTP_HOXB9/ANTP_HOXB13/ANTP_HOXC4/ANTP_HOXC5/ANTP_HOXC6/ANTP_HOXC8/ANTP_HOXC9/ANTP_HOXC10/ANTP_HOXC12/ANTP_HOXC13/ANTP_HOXD1/ANTP_HOXD3/ANTP_HOXD4/ANTP_HOXD8/ANTP_HOXD9/ANTP_HOXD10/ANTP_HOXD11/ANTP_HOXD12/ANTP_HOXD13/ANTP_MEOX1/ANTP_MEOX2/ANTP_MNX1/ANTP_MSX1/ANTP_MSX2/ANTP_PDX1:likeclu:0/2/7/8/9/10/11/12/15/18/20/23/24/25/26/27/28/29/31
Nvec_vc1.1_XM_001634198.3	ANTP_HOXA2/ANTP_HOXA3/ANTP_HOXB2/ANTP_HOXB3/ANTP_HOXD3	Homeodomains.HG3.8:ANTP_HOXA2/ANTP_HOXA3/ANTP_HOXB2/ANTP_HOXB3/ANTP_HOXD3
Nvec_vc1.1_XM_032383677.2	ANTP_HOXA2/ANTP_HOXA3/ANTP_HOXB2/ANTP_HOXB3/ANTP_HOXD3	Homeodomains.HG3.8:ANTP_HOXA2/ANTP_HOXA3/ANTP_HOXB2/ANTP_HOXB3/ANTP_HOXD3
Nvec_vc1.1_XM_032362396.2	ANTP_HOXA2/ANTP_HOXA3/ANTP_HOXB2/ANTP_HOXB3/ANTP_HOXD3	Homeodomains.HG3.8:ANTP_HOXA2/ANTP_HOXA3/ANTP_HOXB2/ANTP_HOXB3/ANTP_HOXD3
Nvec_vc1.1_XM_001634199.3	ANTP_HOXA2/ANTP_HOXA3/ANTP_HOXB2/ANTP_HOXB3/ANTP_HOXD3	Homeodomains.HG3.8:ANTP_HOXA2/ANTP_HOXA3/ANTP_HOXB2/ANTP_HOXB3/ANTP_HOXD3
Nvec_vc1.1_XM_001634202.3	ANTP_HOXA1/ANTP_HOXB1/ANTP_HOXD1	Homeodomains.HG3.15:ANTP_HOXA1/ANTP_HOXB1/ANTP_HOXD1
Nvec_vc1.1_XM_032367075.2		Homeodomains.HG3.16:like:ANTP_EVX1/ANTP_EVX2/ANTP_GBX1/ANTP_GBX2/ANTP_GSX1/ANTP_GSX2/ANTP_HOXA1/ANTP_HOXB1/ANTP_HOXD1/ANTP_MEOX1/ANTP_MEOX2/ANTP_MNX1/ANTP_MSX1/ANTP_MSX2:likeclu:15/20/23/24/26/29/31
Nvec_vc1.1_XM_001637733.3	ANTP_GSX1/ANTP_GSX2	Homeodomains.HG3.20:ANTP_GSX1/ANTP_GSX2
Nvec_vc1.1_XM_001637733.3	ANTP_GSX1/ANTP_GSX2	Homeodomains.HG3.20:ANTP_GSX1/ANTP_GSX2
Nvec_vc1.1_XM_001625899.3	ANTP_MEOX1/ANTP_MEOX2	Homeodomains.HG3.23:ANTP_MEOX1/ANTP_MEOX2
Nvec_vc1.1_XM_032373496.2	ANTP_MEOX1/ANTP_MEOX2	Homeodomains.HG3.23:ANTP_MEOX1/ANTP_MEOX2
Nvec_vc1.1_XM_001625898.3	ANTP_MEOX1/ANTP_MEOX2	Homeodomains.HG3.23:ANTP_MEOX1/ANTP_MEOX2
Nvec_vc1.1_XM_032373497.2	ANTP_MEOX1/ANTP_MEOX2	Homeodomains.HG3.23:ANTP_MEOX1/ANTP_MEOX2
Nvec_vc1.1_XM_032383693.2	ANTP_MNX1	Homeodomains.HG3.24:ANTP_MNX1
Nvec_vc1.1_XM_032383695.2	ANTP_EVX1/ANTP_EVX2	Homeodomains.HG3.26:ANTP_EVX1/ANTP_EVX2
Nvec_vc1.1_XM_032383948.2	ANTP_GBX1/ANTP_GBX2	Homeodomains.HG3.29:ANTP_GBX1/ANTP_GBX2
Nvec_vc1.1_XM_032383681.2		Homeodomains.HG3.30:like:ANTP_MSX1/ANTP_MSX2:likeclu:31
Nvec_vc1.1_XM_032366210.2	ANTP_MSX1/ANTP_MSX2	Homeodomains.HG3.31:ANTP_MSX1/ANTP_MSX2
Nvec_vc1.1_XM_001641552.3		Homeodomains.HG3.32:like:ANTP_MSX1/ANTP_MSX2:likeclu:31
Nvec_vc1.1_XM_032367023.2		Homeodomains.HG3.32:like:ANTP_MSX1/ANTP_MSX2:likeclu:31
Nvec_vc1.1_XM_032363350.2	ANTP_DLX1/ANTP_DLX2/ANTP_DLX3/ANTP_DLX4/ANTP_DLX5/ANTP_DLX6	Homeodomains.HG4.2:ANTP_DLX1/ANTP_DLX2/ANTP_DLX3/ANTP_DLX4/ANTP_DLX5/ANTP_DLX6
Nvec_vc1.1_XM_001640781.3	ANTP_NKX1-1/ANTP_NKX1-2	Homeodomains.HG4.3:ANTP_NKX1-1/ANTP_NKX1-2
Nvec_vc1.1_XM_032374853.2	islike:ANTP_BARX1/ANTP_BARX2	Homeodomains.HG4.9:ANTP_BARX1/ANTP_BARX2
Nvec_vc1.1_XM_032364605.2	islike:ANTP_BARX1/ANTP_BARX2	Homeodomains.HG4.9:ANTP_BARX1/ANTP_BARX2
Nvec_vc1.1_XM_032385045.2	ANTP_BARX1/ANTP_BARX2	Homeodomains.HG4.9:ANTP_BARX1/ANTP_BARX2
Nvec_vc1.1_XM_032374864.2	islike:ANTP_BARX1/ANTP_BARX2	Homeodomains.HG4.9:ANTP_BARX1/ANTP_BARX2
Nvec_vc1.1_XM_001641264.3		Homeodomains.HG5.2:like:ANTP_EMX1/ANTP_EMX2/ANTP_NOTO/ANTP_VAX1/ANTP_VAX2:likeclu:7/8/15
Nvec_vc1.1_XM_032366609.2		Homeodomains.HG5.4:like:ANTP_EMX1/ANTP_EMX2/ANTP_NOTO/ANTP_VAX1/ANTP_VAX2:likeclu:7/8/15
Nvec_vc1.1_XM_001630519.3		Homeodomains.HG5.4:like:ANTP_EMX1/ANTP_EMX2/ANTP_NOTO/ANTP_VAX1/ANTP_VAX2:likeclu:7/8/15
Nvec_vc1.1_XM_032377135.2		Homeodomains.HG5.4:like:ANTP_EMX1/ANTP_EMX2/ANTP_NOTO/ANTP_VAX1/ANTP_VAX2:likeclu:7/8/15
Nvec_vc1.1_XM_032364773.2		Homeodomains.HG5.6:like:ANTP_EMX1/ANTP_EMX2/ANTP_NOTO/ANTP_VAX1/ANTP_VAX2:likeclu:7/8/15
Nvec_vc1.1_XM_032366836.2	ANTP_NOTO	Homeodomains.HG5.7:ANTP_NOTO
Nvec_vc1.1_XM_032377358.2		Homeodomains.HG5.11:like:ANTP_EMX1/ANTP_EMX2:likeclu:15
Nvec_vc1.1_XM_032377390.2		Homeodomains.HG5.13:like:ANTP_EMX1/ANTP_EMX2/ANTP_VAX1/ANTP_VAX2:likeclu:8/15
Nvec_vc1.1_XM_032377390.2		Homeodomains.HG5.13:like:ANTP_EMX1/ANTP_EMX2/ANTP_VAX1/ANTP_VAX2:likeclu:8/15
Nvec_vc1.1_XM_032375107.2		Homeodomains.HG5.16:like:ANTP_EMX1/ANTP_EMX2:likeclu:15
Nvec_vc1.1_XM_032366085.2		Homeodomains.HG5.17:like:ANTP_EMX1/ANTP_EMX2:likeclu:15
Nvec_vc1.1_XM_001633541.3	Other_LOC647589	Homeodomains.HG6.3:Other_LOC647589
Nvec_vc1.1_XM_001625109.3	SINE_SIX3/SINE_SIX5	Homeodomains.HG6.4:SINE_SIX3/SINE_SIX5
Nvec_vc1.1_XM_001625457.2	SINE_SIX4/SINE_SIX5	Homeodomains.HG6.5:SINE_SIX4/SINE_SIX5
Nvec_vc1.1_XM_001623084.3	SINE_SIX4/SINE_SIX5	Homeodomains.HG6.5:SINE_SIX4/SINE_SIX5
Nvec_vc1.1_XM_001623084.3	SINE_SIX4/SINE_SIX5	Homeodomains.HG6.5:SINE_SIX4/SINE_SIX5
Nvec_vc1.1_XM_001634946.3	islike:SINE_SIX1/SINE_SIX2	Homeodomains.HG6.6:SINE_SIX1/SINE_SIX2
Nvec_vc1.1_XM_001626384.3	SINE_SIX1/SINE_SIX2	Homeodomains.HG6.6:SINE_SIX1/SINE_SIX2
Nvec_vc1.1_XM_032362379.2		Homeodomains.HG7.2:like:ANTP_NKX2-1/ANTP_NKX2-2/ANTP_NKX2-3/ANTP_NKX2-4/ANTP_NKX2-5/ANTP_NKX2-6/ANTP_NKX2-8/ANTP_NKX3-1/ANTP_NKX3-2:likeclu:5/8/10/12
Nvec_vc1.1_XM_032373617.2		Homeodomains.HG7.3:like:ANTP_NKX2-1/ANTP_NKX2-2/ANTP_NKX2-3/ANTP_NKX2-4/ANTP_NKX2-5/ANTP_NKX2-6/ANTP_NKX2-8/ANTP_NKX3-1/ANTP_NKX3-2:likeclu:5/8/10/12
Nvec_vc1.1_XM_032373619.2		Homeodomains.HG7.3:like:ANTP_NKX2-1/ANTP_NKX2-2/ANTP_NKX2-3/ANTP_NKX2-4/ANTP_NKX2-5/ANTP_NKX2-6/ANTP_NKX2-8/ANTP_NKX3-1/ANTP_NKX3-2:likeclu:5/8/10/12
Nvec_vc1.1_XM_048723265.1		Homeodomains.HG7.3:like:ANTP_NKX2-1/ANTP_NKX2-2/ANTP_NKX2-3/ANTP_NKX2-4/ANTP_NKX2-5/ANTP_NKX2-6/ANTP_NKX2-8/ANTP_NKX3-1/ANTP_NKX3-2:likeclu:5/8/10/12
Nvec_vc1.1_XM_001625997.3		Homeodomains.HG7.3:like:ANTP_NKX2-1/ANTP_NKX2-2/ANTP_NKX2-3/ANTP_NKX2-4/ANTP_NKX2-5/ANTP_NKX2-6/ANTP_NKX2-8/ANTP_NKX3-1/ANTP_NKX3-2:likeclu:5/8/10/12
Nvec_vc1.1_XM_001625998.3		Homeodomains.HG7.3:like:ANTP_NKX2-1/ANTP_NKX2-2/ANTP_NKX2-3/ANTP_NKX2-4/ANTP_NKX2-5/ANTP_NKX2-6/ANTP_NKX2-8/ANTP_NKX3-1/ANTP_NKX3-2:likeclu:5/8/10/12
Nvec_vc1.1_XM_032373618.2		Homeodomains.HG7.3:like:ANTP_NKX2-1/ANTP_NKX2-2/ANTP_NKX2-3/ANTP_NKX2-4/ANTP_NKX2-5/ANTP_NKX2-6/ANTP_NKX2-8/ANTP_NKX3-1/ANTP_NKX3-2:likeclu:5/8/10/12
Nvec_vc1.1_XM_048723265.1		Homeodomains.HG7.3:like:ANTP_NKX2-1/ANTP_NKX2-2/ANTP_NKX2-3/ANTP_NKX2-4/ANTP_NKX2-5/ANTP_NKX2-6/ANTP_NKX2-8/ANTP_NKX3-1/ANTP_NKX3-2:likeclu:5/8/10/12
Nvec_vc1.1_XM_001641032.3		Homeodomains.HG7.9:like:ANTP_NKX2-3/ANTP_NKX2-5/ANTP_NKX2-6/ANTP_NKX3-1/ANTP_NKX3-2:likeclu:10/12
Nvec_vc1.1_XM_001632368.2	ANTP_NKX2-3/ANTP_NKX2-5/ANTP_NKX2-6	Homeodomains.HG7.10:ANTP_NKX2-3/ANTP_NKX2-5/ANTP_NKX2-6
Nvec_vc1.1_XM_001632367.3	ANTP_NKX3-2	Homeodomains.HG7.12:ANTP_NKX3-1/ANTP_NKX3-2
Nvec_vc1.1_XM_048724756.1	islike:ANTP_NKX3-2	Homeodomains.HG7.12:ANTP_NKX3-1/ANTP_NKX3-2
Nvec_vc1.1_XM_032382395.2	TALE_TGIF1/TALE_TGIF2	Homeodomains.HG8.3:TALE_TGIF1/TALE_TGIF2/TALE_TGIF2LX/TALE_TGIF2LY
Nvec_vc1.1_XM_032380190.2	TALE_PKNOX1/TALE_PKNOX2	Homeodomains.HG8.5:TALE_PKNOX1/TALE_PKNOX2
Nvec_vc1.1_XM_032376608.2	TALE_MEIS1/TALE_MEIS3	Homeodomains.HG8.6:TALE_MEIS1/TALE_MEIS3
Nvec_vc1.1_XM_001636163.3	POU_POU6F1/POU_POU6F2	Homeodomains.HG9.0:POU_POU6F1/POU_POU6F2
Nvec_vc1.1_XM_032379457.2	POU_POU1F1	Homeodomains.HG9.3:POU_POU1F1
Nvec_vc1.1_XM_032385556.2		Homeodomains.HG9.8:like:POU_POU3F1/POU_POU3F2/POU_POU3F3/POU_POU3F4:likeclu:10
Nvec_vc1.1_XM_032385556.2		Homeodomains.HG9.8:like:POU_POU3F1/POU_POU3F2/POU_POU3F3/POU_POU3F4:likeclu:10
Nvec_vc1.1_XM_032373099.2	POU_POU3F1/POU_POU3F2/POU_POU3F3/POU_POU3F4	Homeodomains.HG9.10:POU_POU3F1/POU_POU3F2/POU_POU3F3/POU_POU3F4
Nvec_vc1.1_XM_032373089.2	POU_POU3F1/POU_POU3F2/POU_POU3F3/POU_POU3F4	Homeodomains.HG9.10:POU_POU3F1/POU_POU3F2/POU_POU3F3/POU_POU3F4
Nvec_vc1.1_XM_001633014.3		HSF.HG1.2:like:HSF5:likeclu:1
Nvec_vc1.1_XM_001625118.3		HSF.HG1.3:like:HSFX1/HSFX2/HSFX3/HSFX4/HSFY1/HSFY2:likeclu:4
Nvec_vc1.1_XM_032364329.2	HSF1/HSF2/HSF4	HSF.HG1.6:HSF1/HSF2/HSF4
Nvec_vc1.1_XM_032364373.2	IRF3/IRF4/IRF5/IRF6/IRF7/IRF8/IRF9	IRF.HG1.1:IRF3/IRF4/IRF5/IRF6/IRF7/IRF8/IRF9
Nvec_vc1.1_XM_048720726.1	IRF3/IRF4/IRF5/IRF6/IRF7/IRF8/IRF9	IRF.HG1.1:IRF3/IRF4/IRF5/IRF6/IRF7/IRF8/IRF9
Nvec_vc1.1_XM_048720727.1	IRF3/IRF4/IRF5/IRF6/IRF7/IRF8/IRF9	IRF.HG1.1:IRF3/IRF4/IRF5/IRF6/IRF7/IRF8/IRF9
Nvec_vc1.1_XM_001622271.3	IRF1/IRF2	IRF.HG1.4:IRF1/IRF2
Nvec_vc1.1_XM_032361976.2	IRF1/IRF2	IRF.HG1.4:IRF1/IRF2
Nvec_vc1.1_XM_001637508.3	IRF1/IRF2	IRF.HG1.4:IRF1/IRF2
Nvec_vc1.1_XM_001633484.3	RBPJ/RBPJL	LAG1_CSL.HG1.0:RBPJ/RBPJL
Nvec_vc1.1_XM_001635041.3	SRF	MADS-box_SRF.HG1.3:SRF
Nvec_vc1.1_XM_032377792.2	BORCS8/MEF2A/MEF2B/MEF2C/MEF2D	MADS-box_SRF.HG2.0:BORCS8/MEF2A/MEF2B/MEF2C/MEF2D
Nvec_vc1.1_XM_032377792.2	BORCS8/MEF2A/MEF2B/MEF2C/MEF2D	MADS-box_SRF.HG2.0:BORCS8/MEF2A/MEF2B/MEF2C/MEF2D
Nvec_vc1.1_XM_032374310.2	MBD2/MBD3	MBD.HG1.2:MBD2/MBD3
Nvec_vc1.1_XM_048732404.1	MBD4	MBD.HG1.5:MBD4
Nvec_vc1.1_XM_048732406.1	MBD4	MBD.HG1.5:MBD4
Nvec_vc1.1_XM_001641783.3		mTERF.HG1.1:like:MTERF1/MTERF2/MTERF3/MTERF4:likeclu:4/5/6
Nvec_vc1.1_XM_001626351.3		mTERF.HG1.2:like:MTERF1/MTERF2/MTERF3/MTERF4:likeclu:4/5/6
Nvec_vc1.1_XM_001630333.3	CDC5L	Myb.HG10.0:CDC5L
Nvec_vc1.1_XM_001636464.3	TERF2IP	Myb.HG11.0:TERF2IP
Nvec_vc1.1_XM_001637155.3	DMAP1	Myb.HG12.0:DMAP1
Nvec_vc1.1_XM_048724605.1	BDP1	Myb.HG13.0:BDP1
Nvec_NVE21772		Myb.HG1.8:NA
Nvec_vc1.1_XM_001628318.3		Myb.HG1.30:NA
Nvec_vc1.1_XM_001628318.3		Myb.HG1.30:NA
Nvec_vc1.1_XM_032372575.2		Myb.HG1.31:NA
Nvec_vc1.1_XM_001625437.3		Myb.HG1.40:NA
Nvec_vc1.1_XM_001639002.3		Myb.HG2.4:like:HSPA14/MSANTD1/MSANTD2/ZKSCAN2/ZSCAN20/ZSCAN29/ZSCAN32:likeclu:10/16/22
Nvec_vc1.1_XM_032378442.2		Myb.HG2.5:like:HSPA14/MSANTD1/MSANTD2/ZKSCAN2/ZSCAN20/ZSCAN29/ZSCAN32:likeclu:10/16/22
Nvec_vc1.1_XM_048733498.1		Myb.HG2.5:like:HSPA14/MSANTD1/MSANTD2/ZKSCAN2/ZSCAN20/ZSCAN29/ZSCAN32:likeclu:10/16/22
Nvec_vc1.1_XM_048733498.1		Myb.HG2.5:like:HSPA14/MSANTD1/MSANTD2/ZKSCAN2/ZSCAN20/ZSCAN29/ZSCAN32:likeclu:10/16/22
Nvec_vc1.1_XM_048722809.1		Myb.HG2.18:like:HSPA14/MSANTD1/MSANTD2/ZKSCAN2/ZSCAN20/ZSCAN29/ZSCAN32:likeclu:10/16/22
Nvec_vc1.1_XM_032376092.2		Myb.HG2.18:like:HSPA14/MSANTD1/MSANTD2/ZKSCAN2/ZSCAN20/ZSCAN29/ZSCAN32:likeclu:10/16/22
Nvec_NVE20289		Myb.HG3.8:like:MSANTD4/MYPOP/NAIF1/TSNARE1:likeclu:4/5/6
Nvec_vc1.1_XM_048730926.1		Myb.HG3.10:like:MSANTD4/MYPOP/NAIF1/TSNARE1:likeclu:4/5/6
Nvec_vc1.1_XM_032387255.2	MYSM1	Myb.HG4.1:MYSM1
Nvec_v1g127920	AC118549	Myb.HG4.2:AC118549
Nvec_vc1.1_XM_048723584.1	SMARCC1/SMARCC2	Myb.HG4.3:SMARCC1/SMARCC2
Nvec_vc1.1_XM_032372883.2	RCOR1/RCOR2/RCOR3	Myb.HG4.4:MIER1/MIER2/MIER3/MTA1/MTA3/RCOR1/RCOR2/RCOR3
Nvec_vc1.1_XM_032367750.2	islike:NCOR1/NCOR2	Myb.HG4.6:NCOR1/NCOR2
Nvec_vc1.1_XM_032366797.2	TERF1/TERF2	Myb.HG5.2:TERF1/TERF2
Nvec_vc1.1_XM_032382185.2		Myb.HG5.3:like:SNAPC4:likeclu:5
Nvec_vc1.1_XM_048725593.1	MYB/MYBL1/MYBL2	Myb.HG5.4:MYB/MYBL1/MYBL2
Nvec_vc1.1_XM_032385746.2	DMTF1	Myb.HG6.0:DMTF1
Nvec_vc1.1_XM_001637529.3	TTF1	Myb.HG6.1:TTF1
Nvec_vc1.1_XM_048732912.1	TTF1	Myb.HG6.1:TTF1
Nvec_vc1.1_XM_048732912.1	TTF1	Myb.HG6.1:TTF1
Nvec_vc1.1_XM_032375473.2	TADA2B	Myb.HG7.0:TADA2B
Nvec_vc1.1_XM_032375473.2	TADA2B	Myb.HG7.0:TADA2B
Nvec_vc1.1_XM_048726224.1	TADA2A	Myb.HG7.1:TADA2A
Nvec_vc1.1_XM_048726224.1	TADA2A	Myb.HG7.1:TADA2A
Nvec_vc1.1_XM_048730169.1	MIS18BP1	Myb.HG8.1:MIS18BP1
Nvec_vc1.1_XM_032362945.2	DNAJC2	Myb.HG8.2:DNAJC2
Nvec_vc1.1_XM_032362945.2	DNAJC2	Myb.HG8.2:DNAJC2
Nvec_vc1.1_XM_032364281.2		Myb.HG9.0:NA
Nvec_vc1.1_XM_001637502.3		Myb.HG9.0:NA
Nvec_vc1.1_XM_001630974.3		Myb.HG9.0:NA
Nvec_vc1.1_XM_032364281.2		Myb.HG9.0:NA
Nvec_vc1.1_XM_048726974.1		Myb.HG9.0:NA
Nvec_vc1.1_XM_032361813.2		Myb.HG9.0:NA
Nvec_vc1.1_XM_032363418.2		Myb.HG9.0:NA
Nvec_vc1.1_XM_001637502.3		Myb.HG9.0:NA
Nvec_vc1.1_XM_048733743.1		Myb.HG9.0:NA
Nvec_vc1.1_XM_032384789.2	MYRF/MYRFL	Ndt80_PhoG.HG1.0:MYRF/MYRFL
Nvec_vc1.1_XM_048733199.1	NFXL1	NFX1_ZF.HG1.0:NFXL1
Nvec_vc1.1_XM_048723524.1	NFX1	NFX1_ZF.HG1.1:NFX1
Nvec_vc1.1_XM_001640726.3		NFYA.HG1.0:like:NFYA:likeclu:1
Nvec_vc1.1_XM_048729090.1		NFYA.HG1.0:like:NFYA:likeclu:1
Nvec_vc1.1_XM_001640726.3		NFYA.HG1.0:like:NFYA:likeclu:1
Nvec_vc1.1_XM_048729090.1		NFYA.HG1.0:like:NFYA:likeclu:1
Nvec_NVE9292	islike:NFYA	NFYA.HG1.1:NFYA
Nvec_vc1.1_XM_032363059.2	CHRAC1	NFYB_NFYC.HG2.0:CHRAC1
Nvec_vc1.1_XM_001634554.3	POLE4	NFYB_NFYC.HG2.1:POLE4
Nvec_vc1.1_XM_001622708.3	TAF12	NFYB_NFYC.HG3.0:TAF12
Nvec_vc1.1_XM_032385499.2	DR1	NFYB_NFYC.HG3.1:DR1
Nvec_vc1.1_XM_032363951.2	NFYB	NFYB_NFYC.HG4.0:NFYB
Nvec_vc1.1_XM_001633239.3	DRAP1	NFYB_NFYC.HG5.0:DRAP1
Nvec_vc1.1_XM_001629320.3	POLE3	NFYB_NFYC.HG6.0:POLE3
Nvec_vc1.1_XM_001623131.3	TAF11	NFYB_NFYC.HG7.0:TAF11
Nvec_vc1.1_XM_032386039.2		NFYB_NFYC.HG9.0:NA
Nvec_vc1.1_XM_001625700.3	NRF1	NRF1.HG1.2:NRF1
Nvec_vc1.1_XM_032382719.2		P53.HG1.0:like:TP53/TP63/TP73:likeclu:3
Nvec_vc1.1_XM_032377883.2		P53.HG1.2:like:TP53/TP63/TP73:likeclu:3
Nvec_vc1.1_XM_032383979.2	TP53/TP63/TP73	P53.HG1.3:TP53/TP63/TP73
Nvec_vc1.1_XM_001628892.3		Pipsqueak.HG1.10:NA
Nvec_vc1.1_XM_032380334.2	islike:RFX6	RFX.HG1.0:RFX4/RFX6/RFX8
Nvec_vc1.1_XM_032375228.2	islike:RFX4/RFX6	RFX.HG1.0:RFX4/RFX6/RFX8
Nvec_vc1.1_XM_032365096.2	RFX6	RFX.HG1.0:RFX4/RFX6/RFX8
Nvec_vc1.1_XM_032382712.2	RFX5/RFX7	RFX.HG1.1:RFX5/RFX7
Nvec_vc1.1_XM_032385647.2	RFX1/RFX2/RFX3	RFX.HG2.0:RFX1/RFX2/RFX3
Nvec_vc1.1_XM_048724711.1	NFKB1/NFKB2/REL/RELA/RELB	RHD_Rel.HG1.0:NFKB1/NFKB2/REL/RELA/RELB
Nvec_vc1.1_XM_048724711.1	NFKB1/NFKB2/REL/RELA/RELB	RHD_Rel.HG1.0:NFKB1/NFKB2/REL/RELA/RELB
Nvec_vc1.1_XM_048733736.1	NFAT5/NFATC1/NFATC2/NFATC3/NFATC4	RHD_Rel.HG2.0:NFAT5/NFATC1/NFATC2/NFATC3/NFATC4
Nvec_vc1.1_XM_001625588.3	RUNX1/RUNX2/RUNX3	Runt_Runx.HG1.1:RUNX1/RUNX2/RUNX3
Nvec_vc1.1_XM_048722445.1	DEAF1	SAND.HG1.2:DEAF1
Nvec_vc1.1_XM_032380573.2	SMAD6/SMAD7	SMAD_MH1.HG1.0:SMAD6/SMAD7
Nvec_vc1.1_XM_032364001.2		SMAD_MH1.HG1.4:like:SMAD1/SMAD2/SMAD3/SMAD5/SMAD9:likeclu:6/8
Nvec_vc1.1_XM_001631607.3	SMAD2/SMAD3	SMAD_MH1.HG1.8:SMAD2/SMAD3
Nvec_vc1.1_XM_001629605.3		SMAD_MH1.HG2.0:like:SMAD4:likeclu:1
Nvec_vc1.1_XM_001629605.3		SMAD_MH1.HG2.0:like:SMAD4:likeclu:1
Nvec_vc1.1_XM_032370541.2	SMAD4	SMAD_MH1.HG2.1:SMAD4
Nvec_vc1.1_XM_001634986.3	STAT5A/STAT5B/STAT6	STAT.HG1.0:STAT1/STAT2/STAT3/STAT4/STAT5A/STAT5B/STAT6
Nvec_vc1.1_XM_001629218.3	TBX20	T-box.HG1.0:TBX15/TBX18/TBX20/TBX22
Nvec_vc1.1_XM_001632824.3	TBX20	T-box.HG1.0:TBX15/TBX18/TBX20/TBX22
Nvec_vc1.1_XM_001629218.3	TBX20	T-box.HG1.0:TBX15/TBX18/TBX20/TBX22
Nvec_vc1.1_XM_032377450.2	TBX20	T-box.HG1.0:TBX15/TBX18/TBX20/TBX22
Nvec_vc1.1_XM_032363603.2	TBX15/TBX18/TBX22	T-box.HG1.0:TBX15/TBX18/TBX20/TBX22
Nvec_vc1.1_XM_032377450.2	TBX20	T-box.HG1.0:TBX15/TBX18/TBX20/TBX22
Nvec_vc1.1_XM_032374843.2	TBX1/TBX10	T-box.HG1.2:TBX1/TBX10
Nvec_vc1.1_XM_001627136.3	TBX1/TBX10	T-box.HG1.2:TBX1/TBX10
Nvec_vc1.1_XM_001626717.3		T-box.HG1.6:like:EOMES/TBR1/TBX19/TBX21/TBXT:likeclu:11/13
Nvec_vc1.1_XM_001633902.3	TBX4/TBX5	T-box.HG1.8:TBX4/TBX5
Nvec_vc1.1_XM_001633901.3	TBX2/TBX3	T-box.HG1.10:TBX2/TBX3
Nvec_vc1.1_XM_001633156.3		T-box.HG1.12:like:EOMES/TBR1/TBX19/TBX21/TBXT:likeclu:11/13
Nvec_vc1.1_XM_032378021.2	TBX19/TBXT	T-box.HG1.13:TBX19/TBXT
Nvec_vc1.1_XM_032380148.2		T-box.HG1.14:like:EOMES/TBR1/TBX19/TBX21/TBXT:likeclu:11/13
Nvec_vc1.1_XM_001626820.3		T-box.HG1.14:like:EOMES/TBR1/TBX19/TBX21/TBXT:likeclu:11/13
Nvec_vc1.1_XM_001636116.3	TBP/TBPL2	TBP.HG1.3:TBP/TBPL2
Nvec_vc1.1_XM_032364331.2		TEA.HG1.0:like:TEAD1/TEAD2/TEAD3/TEAD4:likeclu:1
Nvec_vc1.1_XM_048722500.1		TEA.HG1.2:like:TEAD1/TEAD2/TEAD3/TEAD4:likeclu:1
Nvec_vc1.1_XM_032380039.2	LIN54	Tesmin_TSO1-like.HG1.2:LIN54/TESMIN
Nvec_vc1.1_XM_001628945.3	GTF2B	TFIIB.HG1.1:GTF2B
Nvec_vc1.1_XM_048729744.1	BRF1	TFIIB.HG2.0:BRF1
Nvec_vc1.1_XM_048729744.1	BRF1	TFIIB.HG2.0:BRF1
Nvec_vc1.1_XM_048729744.1	BRF1	TFIIB.HG2.0:BRF1
Nvec_v1g218220		THAP_finger.HG1.41:like:THAP6/THAP11:likeclu:25/28
Nvec_v1g240014		THAP_finger.HG1.41:like:THAP6/THAP11:likeclu:25/28
Nvec_v1g209438		THAP_finger.HG1.41:like:THAP6/THAP11:likeclu:25/28
Nvec_vc1.1_XM_048720687.1		THAP_finger.HG1.57:like:THAP6/THAP11:likeclu:25/28
Nvec_vc1.1_XM_048720687.1		THAP_finger.HG1.57:like:THAP6/THAP11:likeclu:25/28
Nvec_vc1.1_XM_048720687.1		THAP_finger.HG1.57:like:THAP6/THAP11:likeclu:25/28
Nvec_vc1.1_XM_048734587.1		THAP_finger.HG1.57:like:THAP6/THAP11:likeclu:25/28
Nvec_v1g103876		THAP_finger.HG1.67:like:THAP6/THAP11:likeclu:25/28
Nvec_vc1.1_XM_048720954.1		THAP_finger.HG1.67:like:THAP6/THAP11:likeclu:25/28
Nvec_v1g213787		THAP_finger.HG1.67:like:THAP6/THAP11:likeclu:25/28
Nvec_v1g202603	THAP10	THAP_finger.HG2.1:THAP10
Nvec_v1g225694	THAP10	THAP_finger.HG2.1:THAP10
Nvec_vc1.1_XM_032366790.2	THAP10	THAP_finger.HG2.1:THAP10
Nvec_vc1.1_XM_032368645.2	THAP10	THAP_finger.HG2.1:THAP10
Nvec_vc1.1_XM_032361906.2	THAP10	THAP_finger.HG2.1:THAP10
Nvec_NVE408	THAP10	THAP_finger.HG2.1:THAP10
Nvec_NVE25932	THAP10	THAP_finger.HG2.1:THAP10
Nvec_vc1.1_XM_032368645.2	THAP10	THAP_finger.HG2.1:THAP10
Nvec_v1g216981	THAP10	THAP_finger.HG2.1:THAP10
Nvec_vc1.1_XM_048720635.1		THAP_finger.HG2.4:like:AC073612/THAP2/THAP4/THAP7/THAP8/THAP10:likeclu:1/9/12/13
Nvec_vc1.1_XM_001629958.3	TSC22D1/TSC22D2/TSC22D3/TSC22D4	TSC22.HG1.0:TSC22D1/TSC22D2/TSC22D3/TSC22D4
Nvec_vc1.1_XM_048722812.1	TUB/TULP1/TULP3	Tub.HG1.1:TUB/TULP1/TULP2/TULP3
Nvec_vc1.1_XM_048722812.1	TUB/TULP1/TULP3	Tub.HG1.1:TUB/TULP1/TULP2/TULP3
Nvec_vc1.1_XM_032381425.2	VPS72	YL1.HG1.0:VPS72
Nvec_vc1.1_XM_032385963.2		zf-C2H2.HG10.4:like:GFI1/GFI1B/ZNF146/ZNF319/ZNF358/ZNF362/ZNF384/ZNF576:likeclu:1/2/5/6/8/10
Nvec_vc1.1_XM_001636315.3	GFI1/GFI1B	zf-C2H2.HG10.8:GFI1/GFI1B
Nvec_vc1.1_XM_032379677.2		zf-C2H2.HG10.12:like:GFI1/GFI1B:likeclu:8
Nvec_vc1.1_XM_048731064.1		zf-C2H2.HG10.13:like:GFI1/GFI1B:likeclu:8
Nvec_vc1.1_XM_048723109.1		zf-C2H2.HG10.22:like:GFI1/GFI1B/ZNF146/ZNF319/ZNF358/ZNF362/ZNF384/ZNF576:likeclu:1/2/5/6/8/10
Nvec_vc1.1_XM_048726174.1		zf-C2H2.HG11.2:like:AL121581/L3MBTL1/L3MBTL4/MYT1/MYT1L/ST18:likeclu:7/8
Nvec_vc1.1_XM_032380141.2	L3MBTL1/L3MBTL4	zf-C2H2.HG11.8:L3MBTL1/L3MBTL4
Nvec_vc1.1_XM_032380138.2	L3MBTL1/L3MBTL4	zf-C2H2.HG11.8:L3MBTL1/L3MBTL4
Nvec_vc1.1_XM_001638641.3		zf-C2H2.HG12.0:like:YY1/YY2/ZFP42:likeclu:2
Nvec_vc1.1_XM_048729815.1	ZFP42	zf-C2H2.HG12.2:YY1/YY2/ZFP42
Nvec_vc1.1_XM_032367197.2	ZNF277	zf-C2H2.HG17.0:ZNF277
Nvec_vc1.1_XM_032374382.2		zf-C2H2.HG20.0:like:ZNF32:likeclu:1
Nvec_vc1.1_XM_032374382.2		zf-C2H2.HG20.0:like:ZNF32:likeclu:1
Nvec_vc1.1_XM_032375602.2	INSM1/INSM2	zf-C2H2.HG3.1:INSM1/INSM2
Nvec_vc1.1_XM_001628705.3		zf-C2H2.HG3.3:like:HINFP:likeclu:15
Nvec_vc1.1_XM_032378323.2		zf-C2H2.HG3.7:like:HINFP:likeclu:15
Nvec_vc1.1_XM_032376930.1		zf-C2H2.HG3.23:like:ZNF532/ZNF592/ZNF687:likeclu:31
Nvec_vc1.1_XM_048726881.1		zf-C2H2.HG3.24:like:ZNF532/ZNF592/ZNF687:likeclu:31
Nvec_vc1.1_XM_032385905.2		zf-C2H2.HG3.24:like:ZNF532/ZNF592/ZNF687:likeclu:31
Nvec_vc1.1_XM_048726734.1		zf-C2H2.HG3.26:like:ZNF532/ZNF592/ZNF687:likeclu:31
Nvec_vc1.1_XM_001633508.3		zf-C2H2.HG3.32:like:ZNF532/ZNF592/ZNF687:likeclu:31
Nvec_vc1.1_XM_048719946.1		zf-C2H2.HG3.35:like:ZNF512:likeclu:67
Nvec_vc1.1_XM_032363733.2		zf-C2H2.HG3.45:like:ZNF512:likeclu:67
Nvec_vc1.1_XM_048726885.1		zf-C2H2.HG3.58:like:ZNF512:likeclu:67
Nvec_vc1.1_XM_032366627.2	islike:EGR1/EGR2/EGR3	zf-C2H2.HG4.5:EGR1/EGR2/EGR3/EGR4
Nvec_vc1.1_XM_001638641.3		zf-C2H2.HG4.8:like:MTF1/ZNF70/ZNF76/ZNF143/ZNF410/ZNF697:likeclu:10/14/20/23
Nvec_v1g52811		zf-C2H2.HG4.8:like:MTF1/ZNF70/ZNF76/ZNF143/ZNF410/ZNF697:likeclu:10/14/20/23
Nvec_vc1.1_XM_048730021.1		zf-C2H2.HG4.8:like:MTF1/ZNF70/ZNF76/ZNF143/ZNF410/ZNF697:likeclu:10/14/20/23
Nvec_vc1.1_XM_032378338.2		zf-C2H2.HG4.8:like:MTF1/ZNF70/ZNF76/ZNF143/ZNF410/ZNF697:likeclu:10/14/20/23
Nvec_vc1.1_XM_001627907.3		zf-C2H2.HG4.8:like:MTF1/ZNF70/ZNF76/ZNF143/ZNF410/ZNF697:likeclu:10/14/20/23
Nvec_vc1.1_XM_048730021.1		zf-C2H2.HG4.8:like:MTF1/ZNF70/ZNF76/ZNF143/ZNF410/ZNF697:likeclu:10/14/20/23
Nvec_vc1.1_XM_032366225.2	KLF15	zf-C2H2.HG4.11:KLF15
Nvec_v1g19278	KLF13/KLF9	zf-C2H2.HG4.12:KLF13/KLF14/KLF16/KLF9
Nvec_vc1.1_XM_032384420.2	islike:SP8/SP9	zf-C2H2.HG4.13:SP1/SP2/SP3/SP4/SP5/SP6/SP7/SP8/SP9
Nvec_vc1.1_XM_001634132.3	islike:SP5	zf-C2H2.HG4.13:SP1/SP2/SP3/SP4/SP5/SP6/SP7/SP8/SP9
Nvec_vc1.1_XM_032384447.2	SP1/SP3/SP4	zf-C2H2.HG4.13:SP1/SP2/SP3/SP4/SP5/SP6/SP7/SP8/SP9
Nvec_vc1.1_XM_032384450.2	SP5	zf-C2H2.HG4.13:SP1/SP2/SP3/SP4/SP5/SP6/SP7/SP8/SP9
Nvec_vc1.1_XM_048720219.1		zf-C2H2.HG4.15:like:KLF1/KLF2/KLF3/KLF4/KLF5/KLF6/KLF7/KLF8/KLF12:likeclu:25/26/27/30
Nvec_vc1.1_XM_048719424.1		zf-C2H2.HG4.15:like:KLF1/KLF2/KLF3/KLF4/KLF5/KLF6/KLF7/KLF8/KLF12:likeclu:25/26/27/30
Nvec_vc1.1_XM_048720219.1		zf-C2H2.HG4.15:like:KLF1/KLF2/KLF3/KLF4/KLF5/KLF6/KLF7/KLF8/KLF12:likeclu:25/26/27/30
Nvec_vc1.1_XM_001639547.3	KLF10/KLF11	zf-C2H2.HG4.19:KLF10/KLF11
Nvec_vc1.1_XM_001628045.2	MTF1	zf-C2H2.HG4.20:MTF1
Nvec_vc1.1_XM_001627361.3	ZNF143/ZNF76	zf-C2H2.HG4.23:ZNF143/ZNF76
Nvec_vc1.1_XM_032381562.2	KLF6/KLF7	zf-C2H2.HG4.27:KLF6/KLF7
Nvec_vc1.1_XM_032367802.2	KLF6/KLF7	zf-C2H2.HG4.27:KLF6/KLF7
Nvec_vc1.1_XM_032369437.2	islike:KLF6/KLF7	zf-C2H2.HG4.27:KLF6/KLF7
Nvec_vc1.1_XM_032367802.2	KLF6/KLF7	zf-C2H2.HG4.27:KLF6/KLF7
Nvec_vc1.1_XM_032381586.2		zf-C2H2.HG4.31:like:KLF5:likeclu:30
Nvec_vc1.1_XM_001637272.3	islike:PRDM9	zf-C2H2.HG5.10:PRDM9
Nvec_vc1.1_XM_032373943.2	islike:PRDM9	zf-C2H2.HG5.10:PRDM9
Nvec_vc1.1_XM_032379044.2	PRDM9	zf-C2H2.HG5.10:PRDM9
Nvec_vc1.1_XM_032385745.2	PRDM14	zf-C2H2.HG5.16:PRDM14
Nvec_vc1.1_XM_001624941.3	PRDM14	zf-C2H2.HG5.16:PRDM14
Nvec_vc1.1_XM_001633398.3	PRDM14	zf-C2H2.HG5.16:PRDM14
Nvec_vc1.1_XM_032363027.2	PRDM14	zf-C2H2.HG5.16:PRDM14
Nvec_vc1.1_XM_032383713.2	islike:PRDM6	zf-C2H2.HG5.17:PRDM6
Nvec_vc1.1_XM_032362875.2	islike:PRDM6	zf-C2H2.HG5.17:PRDM6
Nvec_vc1.1_XM_032362875.2	islike:PRDM6	zf-C2H2.HG5.17:PRDM6
Nvec_vc1.1_XM_032365297.2	PRDM6	zf-C2H2.HG5.17:PRDM6
Nvec_vc1.1_XM_032379504.2	islike:PRDM6	zf-C2H2.HG5.17:PRDM6
Nvec_vc1.1_XM_001635120.3		zf-C2H2.HG5.19:like:HIC1/HIC2/MYNN/PATZ1/PRDM1/PRDM2/PRDM4/PRDM6/PRDM8/PRDM9/PRDM10/PRDM12/PRDM14/PRDM15/RLF/ZBTB2/ZBTB3/ZBTB8A/ZBTB17/ZBTB18/ZBTB21/ZBTB24/ZBTB25/ZBTB32/ZBTB38/ZBTB40/ZBTB42/ZBTB47/ZBTB49/ZNF652/ZNF654/ZNF683:likeclu:5/8/10/13/16/17/18/20/21/22/24/26/28/30/31
Nvec_vc1.1_XM_032376715.2	PRDM12	zf-C2H2.HG5.21:PRDM12
Nvec_vc1.1_XM_032375361.2	PRDM2	zf-C2H2.HG5.24:PRDM2
Nvec_vc1.1_XM_032366482.2		zf-C2H2.HG5.25:like:HIC1/HIC2/MYNN/PATZ1/PRDM1/PRDM2/PRDM4/PRDM6/PRDM8/PRDM9/PRDM10/PRDM12/PRDM14/PRDM15/RLF/ZBTB2/ZBTB3/ZBTB8A/ZBTB17/ZBTB18/ZBTB21/ZBTB24/ZBTB25/ZBTB32/ZBTB38/ZBTB40/ZBTB42/ZBTB47/ZBTB49/ZNF652/ZNF654/ZNF683:likeclu:5/8/10/13/16/17/18/20/21/22/24/26/28/30/31
Nvec_vc1.1_XM_032384134.2		zf-C2H2.HG5.43:like:HIC1/HIC2/MYNN/PATZ1/PRDM1/PRDM2/PRDM4/PRDM6/PRDM8/PRDM9/PRDM10/PRDM12/PRDM14/PRDM15/RLF/ZBTB2/ZBTB3/ZBTB8A/ZBTB17/ZBTB18/ZBTB21/ZBTB24/ZBTB25/ZBTB32/ZBTB38/ZBTB40/ZBTB42/ZBTB47/ZBTB49/ZNF652/ZNF654/ZNF683:likeclu:5/8/10/13/16/17/18/20/21/22/24/26/28/30/31
Nvec_vc1.1_XM_032375915.2	islike:ZIC1/ZIC2/ZIC3/ZIC4/ZIC5	zf-C2H2.HG6.0:GLI1/GLI2/GLI3/GLIS1/GLIS2/GLIS3/ZIC1/ZIC2/ZIC3/ZIC4/ZIC5
Nvec_vc1.1_XM_001637190.3	GLIS1/GLIS3	zf-C2H2.HG6.0:GLI1/GLI2/GLI3/GLIS1/GLIS2/GLIS3/ZIC1/ZIC2/ZIC3/ZIC4/ZIC5
Nvec_vc1.1_XM_048729483.1	ZIC1/ZIC2/ZIC3/ZIC4/ZIC5	zf-C2H2.HG6.0:GLI1/GLI2/GLI3/GLIS1/GLIS2/GLIS3/ZIC1/ZIC2/ZIC3/ZIC4/ZIC5
Nvec_vc1.1_XM_048724012.1	GLI1/GLI2/GLI3	zf-C2H2.HG6.0:GLI1/GLI2/GLI3/GLIS1/GLIS2/GLIS3/ZIC1/ZIC2/ZIC3/ZIC4/ZIC5
Nvec_vc1.1_XM_001636447.3	GLIS2	zf-C2H2.HG6.0:GLI1/GLI2/GLI3/GLIS1/GLIS2/GLIS3/ZIC1/ZIC2/ZIC3/ZIC4/ZIC5
Nvec_vc1.1_XM_048729481.1	ZIC1/ZIC2/ZIC3/ZIC4/ZIC5	zf-C2H2.HG6.0:GLI1/GLI2/GLI3/GLIS1/GLIS2/GLIS3/ZIC1/ZIC2/ZIC3/ZIC4/ZIC5
Nvec_vc1.1_XM_048728976.1	ZIC1/ZIC2/ZIC3/ZIC4/ZIC5	zf-C2H2.HG6.0:GLI1/GLI2/GLI3/GLIS1/GLIS2/GLIS3/ZIC1/ZIC2/ZIC3/ZIC4/ZIC5
Nvec_vc1.1_XM_032364704.2	islike:GLI1/GLI2/GLI3/GLIS1/GLIS2/GLIS3/ZIC1/ZIC2/ZIC3/ZIC4/ZIC5	zf-C2H2.HG6.0:GLI1/GLI2/GLI3/GLIS1/GLIS2/GLIS3/ZIC1/ZIC2/ZIC3/ZIC4/ZIC5
Nvec_vc1.1_XM_032381020.2	islike:ZIC1/ZIC2/ZIC3/ZIC4/ZIC5	zf-C2H2.HG6.0:GLI1/GLI2/GLI3/GLIS1/GLIS2/GLIS3/ZIC1/ZIC2/ZIC3/ZIC4/ZIC5
Nvec_vc1.1_XM_001633772.3		zf-C2H2.HG6.1:like:GLI1/GLI2/GLI3/GLIS1/GLIS2/GLIS3/ZIC1/ZIC2/ZIC3/ZIC4/ZIC5:likeclu:0
Nvec_vc1.1_XM_032365977.2		zf-C2H2.HG9.4:like:ZNF771:likeclu:6
Nvec_v1g148776		zf-C2H2.HG9.5:like:ZNF771:likeclu:6
Nvec_v1g91940		zf-C2H2.HG9.5:like:ZNF771:likeclu:6
Nvec_v1g111220		zf-C2H2.HG9.5:like:ZNF771:likeclu:6
Nvec_vc1.1_XM_048725325.1		zf-C2H2.HG9.8:like:ZNF771:likeclu:6
Nvec_vc1.1_XM_032381044.2		zf-C4_Nuclear_receptors.HG1.2:like:AR/ESR1/ESR2/ESRRA/ESRRB/ESRRG/HNF4A/HNF4G/NR2C1/NR2C2/NR2E1/NR2E3/NR2F1/NR2F2/NR2F6/NR3C1/NR3C2/NR5A1/NR5A2/NR6A1/PGR/RXRA/RXRB/RXRG:likeclu:6/7/8/9/16/17/22/29/42
Nvec_vc1.1_XM_032381044.2		zf-C4_Nuclear_receptors.HG1.2:like:AR/ESR1/ESR2/ESRRA/ESRRB/ESRRG/HNF4A/HNF4G/NR2C1/NR2C2/NR2E1/NR2E3/NR2F1/NR2F2/NR2F6/NR3C1/NR3C2/NR5A1/NR5A2/NR6A1/PGR/RXRA/RXRB/RXRG:likeclu:6/7/8/9/16/17/22/29/42
Nvec_v1g93844		zf-C4_Nuclear_receptors.HG1.4:like:AR/ESR1/ESR2/ESRRA/ESRRB/ESRRG/HNF4A/HNF4G/NR2C1/NR2C2/NR2E1/NR2E3/NR2F1/NR2F2/NR2F6/NR3C1/NR3C2/NR5A1/NR5A2/NR6A1/PGR/RXRA/RXRB/RXRG:likeclu:6/7/8/9/16/17/22/29/42
Nvec_vc1.1_XM_032383641.2		zf-C4_Nuclear_receptors.HG1.5:like:AR/ESR1/ESR2/ESRRA/ESRRB/ESRRG/HNF4A/HNF4G/NR2C1/NR2C2/NR2E1/NR2E3/NR2F1/NR2F2/NR2F6/NR3C1/NR3C2/NR5A1/NR5A2/NR6A1/PGR/RXRA/RXRB/RXRG:likeclu:6/7/8/9/16/17/22/29/42
Nvec_vc1.1_XM_032383641.2		zf-C4_Nuclear_receptors.HG1.5:like:AR/ESR1/ESR2/ESRRA/ESRRB/ESRRG/HNF4A/HNF4G/NR2C1/NR2C2/NR2E1/NR2E3/NR2F1/NR2F2/NR2F6/NR3C1/NR3C2/NR5A1/NR5A2/NR6A1/PGR/RXRA/RXRB/RXRG:likeclu:6/7/8/9/16/17/22/29/42
Nvec_vc1.1_XM_032371461.2	NR6A1	zf-C4_Nuclear_receptors.HG1.9:NR6A1
Nvec_vc1.1_XM_032363271.2	HNF4A/HNF4G	zf-C4_Nuclear_receptors.HG1.17:HNF4A/HNF4G
Nvec_vc1.1_XM_032379774.2	NR2C1/NR2C2	zf-C4_Nuclear_receptors.HG1.22:NR2C1/NR2C2
Nvec_vc1.1_XM_032380829.2	NR2C1/NR2C2	zf-C4_Nuclear_receptors.HG1.22:NR2C1/NR2C2
Nvec_vc1.1_XM_048723292.1	islike:NR2E1/NR2E3	zf-C4_Nuclear_receptors.HG1.29:NR2E1/NR2E3
Nvec_vc1.1_XM_032372078.2	islike:NR2E1/NR2E3	zf-C4_Nuclear_receptors.HG1.29:NR2E1/NR2E3
Nvec_vc1.1_XM_001630336.3	NR2E1	zf-C4_Nuclear_receptors.HG1.29:NR2E1/NR2E3
Nvec_vc1.1_XM_048730757.1	islike:NR2E1	zf-C4_Nuclear_receptors.HG1.29:NR2E1/NR2E3
Nvec_vc1.1_XM_032378928.2	islike:NR2E1/NR2E3	zf-C4_Nuclear_receptors.HG1.29:NR2E1/NR2E3
Nvec_vc1.1_XM_001636587.3		zf-C4_Nuclear_receptors.HG1.34:like:NR2E1/NR2E3/NR2F1/NR2F2/NR2F6:likeclu:29/42
Nvec_vc1.1_XM_001635960.3		zf-C4_Nuclear_receptors.HG1.39:like:NR2F1/NR2F2/NR2F6:likeclu:42
Nvec_vc1.1_XM_048727456.1		zf-C4_Nuclear_receptors.HG1.40:like:NR2F1/NR2F2/NR2F6:likeclu:42
Nvec_vc1.1_XM_001634328.3		zf-C4_Nuclear_receptors.HG1.41:like:NR2F1/NR2F2/NR2F6:likeclu:42
Nvec_vc1.1_XM_032378048.2	NR2F1/NR2F2/NR2F6	zf-C4_Nuclear_receptors.HG1.42:NR2F1/NR2F2/NR2F6
Nvec_vc1.1_XM_048726872.1	FBXL19/KDM2A/KDM2B	zf-CXXC.HG1.1:FBXL19/KDM2A/KDM2B
Nvec_vc1.1_XM_048728409.1	CXXC1	zf-CXXC.HG1.5:CXXC1
Nvec_vc1.1_XM_048731147.1	DNMT1	zf-CXXC.HG1.7:DNMT1
Nvec_vc1.1_XM_001634277.3	ZMAT2	zf-met.HG10.0:ZMAT2
Nvec_vc1.1_XM_001632917.3	SF3A2	zf-met.HG11.0:SF3A2
Nvec_vc1.1_XM_048728211.1	SCAPER	zf-met.HG12.0:SCAPER
Nvec_vc1.1_XM_032365767.2		zf-met.HG13.0:NA
Nvec_vc1.1_XM_001641129.3		zf-met.HG13.0:NA
Nvec_vc1.1_XM_001637797.3		zf-met.HG16.0:NA
Nvec_vc1.1_XM_048723351.1	AP002990/TUT1	zf-met.HG18.0:AP002990/TUT1
Nvec_vc1.1_XM_032384172.2		zf-met.HG20.0:NA
Nvec_vc1.1_XM_048721411.1		zf-met.HG24.0:NA
Nvec_vc1.1_XM_032387080.2		zf-met.HG26.0:NA
Nvec_vc1.1_XM_032378255.2		zf-met.HG32.0:NA
Nvec_v1g89657	ZNF706	zf-met.HG36.0:ZNF706
Nvec_vc1.1_XM_032363168.2	ZNF385A/ZNF385B/ZNF385C/ZNF385D	zf-met.HG3.2:ZNF385A/ZNF385B/ZNF385C/ZNF385D
Nvec_vc1.1_XM_001629020.3		zf-met.HG4.0:like:ZFR/ZFR2:likeclu:2
Nvec_vc1.1_XM_001629020.3		zf-met.HG4.0:like:ZFR/ZFR2:likeclu:2
Nvec_vc1.1_XM_032383512.2	ZFR/ZFR2	zf-met.HG4.2:ZFR/ZFR2
Nvec_vc1.1_XM_001637208.3		zf-met.HG7.1:like:DNAJC21:likeclu:0
Nvec_vc1.1_XM_001624190.3	PIAS1/PIAS2/PIAS3/PIAS4	zf-MIZ.HG1.1:PIAS1/PIAS2/PIAS3/PIAS4
Nvec_vc1.1_XM_048722721.1	ZMIZ1/ZMIZ2	zf-MIZ.HG1.3:ZMIZ1/ZMIZ2
Nvec_vc1.1_XM_001638761.3	TRERF1/ZNF541	zf-C2H2.HG13.1:TRERF1/ZNF541
Nvec_vc1.1_XM_032387281.2	OVOL3	zf-C2H2.HG14.0:OVOL1/OVOL2/OVOL3
Nvec_vc1.1_XM_032387283.2	OVOL3	zf-C2H2.HG14.0:OVOL1/OVOL2/OVOL3
Nvec_vc1.1_XM_001634519.3	ZNF622	zf-C2H2.HG15.0:ZNF622
Nvec_vc1.1_XM_048725953.1		zf-C2H2.Unclassified
Nvec_vc1.1_XM_048725461.1		zf-met.Unclassified
Nvec_vc1.1_XM_048721581.1		zf-C2H2.Unclassified
Nvec_vc1.1_XM_032382255.2		zf-C2H2.Unclassified
Nvec_vc1.1_XM_048734590.1		zf-C2H2.Unclassified
Nvec_vc1.1_XM_048719714.1		zf-met.Unclassified
Nvec_vc1.1_XM_032378941.2		zf-C2H2.Unclassified
Nvec_vc1.1_XM_032376736.2		zf-C2H2.Unclassified
Nvec_vc1.1_XM_032376554.2		zf-met.Unclassified
Nvec_vc1.1_XM_032374789.2		zf-C2H2.Unclassified
Nvec_vc1.1_XM_048722777.1		zf-met.Unclassified
Nvec_v1g142228		zf-C2H2.Unclassified
Nvec_vc1.1_XM_032375378.2		zf-C2H2.Unclassified
Nvec_vc1.1_XM_048732711.1		zf-C2H2.Unclassified
Nvec_vc1.1_XM_001639717.3		zf-C2H2.Unclassified
Nvec_vc1.1_XM_048734004.1		zf-C2H2.Unclassified
Nvec_vc1.1_XM_001631192.3		zf-C2H2.Unclassified
Nvec_v1g214579		zf-C2H2.Unclassified
Nvec_vc1.1_XM_048725953.1		zf-C2H2.Unclassified
Nvec_vc1.1_XM_001634326.3		bZIP.Unclassified
Nvec_vc1.1_XM_032383717.2		bZIP.Unclassified
Nvec_vc1.1_XM_032387218.2		zf-met.Unclassified
Nvec_vc1.1_XM_001640662.3		zf-C2H2.Unclassified
Nvec_vc1.1_XM_001639705.3		zf-BED.Unclassified
Nvec_vc1.1_XM_032378941.2		zf-C2H2.Unclassified
Nvec_vc1.1_XM_032384912.2		zf-met.Unclassified
Nvec_vc1.1_XM_048734691.1		zf-C2H2.Unclassified
